smth1,smth,symbol,date,close,high,low,open,volume,adj Close,adjHigh,adjLow,adjOpen,adjVolume,divCash,splitFactor
0,0,AAPL,2015-05-27 00:00:00+00:00,132.045,132.26,130.05,130.34,45833246,121.6825575315,121.8806850628,119.8441183458,120.1113601322,45833246,0.0,1.0
1,1,AAPL,2015-05-28 00:00:00+00:00,131.78,131.95,131.1,131.86,30733309,121.4383538301,121.5950128084,120.8117179172,121.5120757022,30733309,0.0,1.0
2,2,AAPL,2015-05-29 00:00:00+00:00,130.28,131.45,129.9,131.23,50884452,120.0560687281,121.1342511077,119.7058898356,120.9315159594,50884452,0.0,1.0
3,3,AAPL,2015-06-01 00:00:00+00:00,130.535,131.39,130.05,131.2,32112797,120.2910571955,121.0789597036,119.8441183458,120.9038702574,32112797,0.0,1.0
4,4,AAPL,2015-06-02 00:00:00+00:00,129.96,130.655,129.32,129.86,33667627,119.7611812397,120.4016400036,119.1714062628,119.6690288995,33667627,0.0,1.0
5,5,AAPL,2015-06-03 00:00:00+00:00,130.12,130.94,129.9,130.66,30983542,119.9086249839,120.664274173,119.7058898356,120.4062476206,30983542,0.0,1.0
6,6,AAPL,2015-06-04 00:00:00+00:00,129.36,130.58,128.91,129.58,38450118,119.2082671989,120.3325257485,118.7935816683,119.4110023472,38450118,0.0,1.0
7,7,AAPL,2015-06-05 00:00:00+00:00,128.65,129.69,128.36,129.5,35626800,118.5539855839,119.5123699213,118.2867437975,119.3372804751,35626800,0.0,1.0
8,8,AAPL,2015-06-08 00:00:00+00:00,127.8,129.21,126.83,128.9,52674786,117.7706906928,119.0700386887,116.8768129934,118.7843664342,52674786,0.0,1.0
9,9,AAPL,2015-06-09 00:00:00+00:00,127.42,128.08,125.62,126.7,56075420,117.4205118002,118.0287172451,115.7617696778,116.7570149513,56075420,0.0,1.0
10,10,AAPL,2015-06-10 00:00:00+00:00,128.88,129.34,127.85,127.92,39087250,118.7659359662,119.1898367308,117.8167668628,117.8812735009,39087250,0.0,1.0
11,11,AAPL,2015-06-11 00:00:00+00:00,128.59,130.18,128.475,129.18,35390887,118.4986941798,119.963916388,118.3927189887,119.0423929866,35390887,0.0,1.0
12,12,AAPL,2015-06-12 00:00:00+00:00,127.17,128.33,127.11,128.185,36886246,117.1901309499,118.2590980955,117.1348395458,118.1254772023,36886246,0.0,1.0
13,13,AAPL,2015-06-15 00:00:00+00:00,126.92,127.24,125.71,126.1,43988946,116.9597500996,117.254637588,115.8447067839,116.2041009105,43988946,0.0,1.0
14,14,AAPL,2015-06-16 00:00:00+00:00,127.6,127.85,126.37,127.03,31494131,117.5863860125,117.8167668628,116.4529122288,117.0611176737,31494131,0.0,1.0
15,15,AAPL,2015-06-17 00:00:00+00:00,127.3,127.88,126.74,127.72,32918071,117.3099289921,117.8444125649,116.7938758873,117.6969688207,32918071,0.0,1.0
16,16,AAPL,2015-06-18 00:00:00+00:00,127.88,128.31,127.22,127.23,35407220,117.8444125649,118.2406676274,117.23620712,117.245422354,35407220,0.0,1.0
17,17,AAPL,2015-06-19 00:00:00+00:00,126.6,127.82,126.4,127.71,54716887,116.6648626111,117.7891211608,116.4805579309,117.6877535866,54716887,0.0,1.0
18,18,AAPL,2015-06-22 00:00:00+00:00,127.61,128.06,127.08,127.49,34039345,117.5956012465,118.0102867771,117.1071938438,117.4850184383,34039345,0.0,1.0
19,19,AAPL,2015-06-23 00:00:00+00:00,127.03,127.61,126.8792,127.48,30268863,117.0611176737,117.5956012465,116.9221519448,117.4758032043,30268863,0.0,1.0
20,20,AAPL,2015-06-24 00:00:00+00:00,128.11,129.8,127.12,127.21,55280855,118.0563629472,119.6137374955,117.1440547798,117.226991886,55280855,0.0,1.0
21,21,AAPL,2015-06-25 00:00:00+00:00,127.5,129.2,127.5,128.86,31938100,117.4942336724,119.0608234547,117.4942336724,118.7475054982,31938100,0.0,1.0
22,22,AAPL,2015-06-26 00:00:00+00:00,126.75,127.99,126.51,127.67,44066841,116.8030911213,117.945780139,116.581925505,117.6508926506,44066841,0.0,1.0
23,23,AAPL,2015-06-29 00:00:00+00:00,124.53,126.47,124.48,125.46,49161427,114.7573091703,116.545064569,114.7112330003,115.6143259336,49161427,0.0,1.0
24,24,AAPL,2015-06-30 00:00:00+00:00,125.425,126.12,124.86,125.57,44370682,115.5820726145,116.2225313785,115.0614118928,115.7156935077,44370682,0.0,1.0
25,25,AAPL,2015-07-01 00:00:00+00:00,126.6,126.94,125.99,126.9,30238811,116.6648626111,116.9781805676,116.1027333363,116.9413196315,30238811,0.0,1.0
26,26,AAPL,2015-07-02 00:00:00+00:00,126.44,126.69,125.77,126.43,27210952,116.5174188669,116.7477997173,115.899998188,116.5082036329,27210952,0.0,1.0
27,27,AAPL,2015-07-06 00:00:00+00:00,126.0,126.23,124.85,124.94,28060431,116.1119485703,116.3238989526,115.0521966588,115.1351337649,28060431,0.0,1.0
28,28,AAPL,2015-07-07 00:00:00+00:00,125.69,126.15,123.77,125.89,46946811,115.8262763159,116.2501770805,114.0569513853,116.0105809962,46946811,0.0,1.0
29,29,AAPL,2015-07-08 00:00:00+00:00,122.57,124.64,122.54,124.48,60761614,112.95112330370002,114.8586767445,112.9234776016,114.7112330003,60761614,0.0,1.0
30,30,AAPL,2015-07-09 00:00:00+00:00,120.07,124.06,119.22,123.85,78595038,110.6473148003,114.3241931717,109.8640199092,114.1306732574,78595038,0.0,1.0
31,31,AAPL,2015-07-10 00:00:00+00:00,123.28,123.85,121.21,121.94,61354474,113.6054049186,114.1306732574,111.6978514779,112.3705635608,61354474,0.0,1.0
32,32,AAPL,2015-07-13 00:00:00+00:00,125.66,125.755,124.32,125.03,41440538,115.7986306139,115.886175337,114.5637892561,115.218070871,41440538,0.0,1.0
33,33,AAPL,2015-07-14 00:00:00+00:00,125.61,126.37,125.04,126.04,31768139,115.7525544438,116.4529122288,115.227286105,116.1488095064,31768139,0.0,1.0
34,34,AAPL,2015-07-15 00:00:00+00:00,126.82,127.15,125.58,125.72,33649200,116.8675977594,117.1717004819,115.7249087418,115.8539220179,33649200,0.0,1.0
35,35,AAPL,2015-07-16 00:00:00+00:00,128.51,128.57,127.35,127.74,36222447,118.4249723077,118.4802637118,117.3560051622,117.7153992887,36222447,0.0,1.0
36,36,AAPL,2015-07-17 00:00:00+00:00,129.62,129.62,128.31,129.08,46164710,119.4478632832,119.4478632832,118.2406676274,118.9502406465,46164710,0.0,1.0
37,37,AAPL,2015-07-20 00:00:00+00:00,132.07,132.97,130.7,130.97,58900203,121.7055956165,122.5349666777,120.4431085567,120.691919875,58900203,0.0,1.0
38,38,AAPL,2015-07-21 00:00:00+00:00,130.75,132.92,130.32,132.85,76756427,120.4891847267,122.4888905077,120.0929296642,122.4243838696,76756427,0.0,1.0
39,39,AAPL,2015-07-22 00:00:00+00:00,125.22,125.5,121.99,121.99,115450607,115.3931603173,115.6511868697,112.4166397309,112.4166397309,115450607,0.0,1.0
40,40,AAPL,2015-07-23 00:00:00+00:00,125.16,127.09,125.06,126.2,50999452,115.3378689132,117.1164090778,115.2457165731,116.2962532506,50999452,0.0,1.0
41,41,AAPL,2015-07-24 00:00:00+00:00,124.5,125.74,123.9,125.32,42162332,114.7296634683,115.872352486,114.1767494275,115.4853126574,42162332,0.0,1.0
42,42,AAPL,2015-07-27 00:00:00+00:00,122.77,123.61,122.12,123.09,44455540,113.135427984,113.9095076411,112.5364377731,113.4303154724,44455540,0.0,1.0
43,43,AAPL,2015-07-28 00:00:00+00:00,123.38,123.91,122.55,123.38,33618097,113.6975572588,114.1859646615,112.9326928357,113.6975572588,33618097,0.0,1.0
44,44,AAPL,2015-07-29 00:00:00+00:00,122.99,123.5,122.27,123.15,37011653,113.3381631323,113.8081400669,112.6746662833,113.4856068765,37011653,0.0,1.0
45,45,AAPL,2015-07-30 00:00:00+00:00,122.37,122.5699,121.71,122.32,33628268,112.7668186234,112.9510311513,112.1586131785,112.7207424534,33628268,0.0,1.0
46,46,AAPL,2015-07-31 00:00:00+00:00,121.3,122.6425,120.91,122.6,42884953,111.780788584,113.0179337503,111.4213944574,112.9787690057,42884953,0.0,1.0
47,47,AAPL,2015-08-03 00:00:00+00:00,118.44,122.57,117.52,121.5,69975968,109.1452316561,112.95112330370002,108.2974301269,111.9650932642,69975968,0.0,1.0
48,48,AAPL,2015-08-04 00:00:00+00:00,114.64,117.7,113.25,117.42,124138623,105.643442731,108.4633043391,104.3625252031,108.2052777867,124138623,0.0,1.0
49,49,AAPL,2015-08-05 00:00:00+00:00,115.4,117.44,112.1,112.95,98384461,106.343800516,108.2237082548,103.3027732915,104.0860681827,98384461,0.0,1.0
50,50,AAPL,2015-08-06 00:00:00+00:00,115.13,116.5,114.115,115.97,52903040,106.5741813663,107.8423706174,105.6346104979,107.3517572575,52903040,0.52,1.0
51,51,AAPL,2015-08-07 00:00:00+00:00,115.52,116.25,114.5,114.58,38670405,106.9351987444,107.6109492212,105.990999448,106.0650542948,38670405,0.0,1.0
52,52,AAPL,2015-08-10 00:00:00+00:00,119.72,119.99,116.53,116.53,54951597,110.8230782001,111.073013308,107.8701411849,107.8701411849,54951597,0.0,1.0
53,53,AAPL,2015-08-11 00:00:00+00:00,113.49,118.18,113.33,117.81,97082814,105.0560570074,109.3975223997,104.9079473139,109.0550187333,97082814,0.0,1.0
54,54,AAPL,2015-08-12 00:00:00+00:00,115.24,115.42,109.63,112.53,101685610,106.6760067807,106.8426301859,101.4829106505,104.1673988461,101685610,0.0,1.0
55,55,AAPL,2015-08-13 00:00:00+00:00,115.15,116.4,114.54,116.04,48535789,106.592695078,107.7498020589,106.0280268714,107.4165552484,48535789,0.0,1.0
56,56,AAPL,2015-08-14 00:00:00+00:00,115.96,116.31,114.01,114.32,42929516,107.3425004016,107.6664903563,105.5374135115,105.8243760427,42929516,0.0,1.0
57,57,AAPL,2015-08-17 00:00:00+00:00,117.16,117.65,115.5,116.04,40884745,108.4533231033,108.9069090398,106.9166850327,107.4165552484,40884745,0.0,1.0
58,58,AAPL,2015-08-18 00:00:00+00:00,116.5,117.44,116.01,116.43,34560708,107.8423706174,108.712515067,107.3887846809,107.7775726264,34560708,0.0,1.0
59,59,AAPL,2015-08-19 00:00:00+00:00,115.01,116.52,114.68,116.1,48286510,106.4630990962,107.8608843291,106.1576228532,107.4720963835,48286510,0.0,1.0
60,60,AAPL,2015-08-20 00:00:00+00:00,112.65,114.35,111.63,114.08,68501622,104.2784811163,105.8521466103,103.3342818199,105.6022115024,68501622,0.0,1.0
61,61,AAPL,2015-08-21 00:00:00+00:00,105.76,111.9,105.645,110.43,128275471,97.9005074377,103.5842169278,97.7940535955,102.2234591183,128275471,0.0,1.0
62,62,AAPL,2015-08-24 00:00:00+00:00,103.12,108.8,92.0,94.87,162206292,95.4566974941,100.7145916152,85.1630737923,87.8197914203,162206292,0.0,1.0
63,63,AAPL,2015-08-25 00:00:00+00:00,103.74,111.11,103.5,111.11,103601599,96.0306225566,102.8529253158,95.8084580163,102.8529253158,103601599,0.0,1.0
64,64,AAPL,2015-08-26 00:00:00+00:00,109.69,109.89,105.05,107.085,96774611,101.5384517856,101.7235889025,97.2432706726,99.1270408374,96774611,0.0,1.0
65,65,AAPL,2015-08-27 00:00:00+00:00,112.92,113.24,110.02,112.25,84616056,104.5284162242,104.8246356113,101.8439280285,103.9082068824,84616056,0.0,1.0
66,66,AAPL,2015-08-28 00:00:00+00:00,113.29,113.31,111.54,112.17,53164407,104.8709198905,104.8894336022,103.2509701173,103.8341520356,53164407,0.0,1.0
67,67,AAPL,2015-08-31 00:00:00+00:00,112.76,114.53,112.0,112.13,56229271,104.3803065306,106.0187700155,103.6767854862,103.7971246122,56229271,0.0,1.0
68,68,AAPL,2015-09-01 00:00:00+00:00,107.72,111.88,107.36,110.18,76845860,99.7148511837,103.5657032161,99.3816043732,101.9920377221,76845860,0.0,1.0
69,69,AAPL,2015-09-02 00:00:00+00:00,112.34,112.34,109.131,110.0,61888812,103.991518585,103.991518585,101.02099354370002,101.8254143168,61888812,0.0,1.0
70,70,AAPL,2015-09-03 00:00:00+00:00,110.37,112.78,110.04,112.49,53233940,102.1679179832,104.3988202423,101.8624417402,104.1303714227,53233940,0.0,1.0
71,71,AAPL,2015-09-04 00:00:00+00:00,109.27,110.45,108.51,108.97,49996311,101.14966384,102.2419728299,100.4461427956,100.8719581646,49996311,0.0,1.0
72,72,AAPL,2015-09-08 00:00:00+00:00,112.31,112.56,110.32,111.65,54843626,103.9637480175,104.1951694137,102.1216337039,103.3527955316,54843626,0.0,1.0
73,73,AAPL,2015-09-09 00:00:00+00:00,110.15,114.02,109.77,113.76,85010804,101.9642671545,105.5466703673,101.6125066324,105.3059921153,85010804,0.0,1.0
74,74,AAPL,2015-09-10 00:00:00+00:00,112.57,113.2825,109.9,110.27,62892831,104.2044262695,104.8639772486,101.7328457584,102.0753494247,62892831,0.0,1.0
75,75,AAPL,2015-09-11 00:00:00+00:00,114.21,114.21,111.76,111.79,49915473,105.7225506284,105.7225506284,103.4546209459,103.4823915134,49915473,0.0,1.0
76,76,AAPL,2015-09-14 00:00:00+00:00,115.31,116.89,114.86,116.58,58363431,106.7408047716,108.2033879954,106.3242462585,107.9164254641,58363431,0.0,1.0
77,77,AAPL,2015-09-15 00:00:00+00:00,116.28,116.53,114.42,115.93,43341155,107.6387197887,107.8701411849,105.91694460120002,107.3147298341,43341155,0.0,1.0
78,78,AAPL,2015-09-16 00:00:00+00:00,116.41,116.54,115.44,116.25,37173489,107.7590589147,107.8793980408,106.8611438976,107.6109492212,37173489,0.0,1.0
79,79,AAPL,2015-09-17 00:00:00+00:00,113.92,116.49,113.715,115.66,64112641,105.4541018088,107.8331137615,105.264336264,107.0647947262,64112641,0.0,1.0
80,80,AAPL,2015-09-18 00:00:00+00:00,113.45,114.3,111.87,112.21,74285291,105.019029584,105.805862331,103.5564463602,103.871179459,74285291,0.0,1.0
81,81,AAPL,2015-09-21 00:00:00+00:00,115.21,115.37,113.66,113.67,50221965,106.6482362131,106.7963459067,105.2134235568,105.2226804127,50221965,0.0,1.0
82,82,AAPL,2015-09-22 00:00:00+00:00,113.4,114.18,112.5201,113.38,50346159,104.9727453048,105.6947800609,104.1582345588,104.9542315931,50346159,0.0,1.0
83,83,AAPL,2015-09-23 00:00:00+00:00,114.32,114.72,113.3,113.63,35756716,105.8243760427,106.1946502766,104.8801767463,105.1856529893,35756716,0.0,1.0
84,84,AAPL,2015-09-24 00:00:00+00:00,115.0,115.5,112.37,113.25,50219475,106.4538422403,106.9166850327,104.0192891526,104.8338924671,50219475,0.0,1.0
85,85,AAPL,2015-09-25 00:00:00+00:00,114.71,116.69,114.02,116.44,56151926,106.1853934208,108.0182508785,105.5466703673,107.7868294823,56151926,0.0,1.0
86,86,AAPL,2015-09-28 00:00:00+00:00,112.44,114.57,112.44,113.85,50782189,104.0840871435,106.0557974389,104.0840871435,105.3893038179,50782189,0.0,1.0
87,87,AAPL,2015-09-29 00:00:00+00:00,109.06,113.51,107.86,112.83,73365384,100.9552698672,105.0745707191,99.8444471656,104.4451045215,73365384,0.0,1.0
88,88,AAPL,2015-09-30 00:00:00+00:00,110.3,111.54,108.73,110.17,65041596,102.1031199922,103.2509701173,100.6497936243,101.9827808662,65041596,0.0,1.0
89,89,AAPL,2015-10-01 00:00:00+00:00,109.58,109.62,107.31,109.07,63929100,101.4366263713,101.4736537946,99.335320094,100.9645267231,63929100,0.0,1.0
90,90,AAPL,2015-10-02 00:00:00+00:00,110.38,111.0136,107.55,108.01,58019758,102.177174839,102.7636892255,99.5574846343,99.9833000033,58019758,0.0,1.0
91,91,AAPL,2015-10-05 00:00:00+00:00,110.78,111.3698,109.07,109.88,52064743,102.5474490729,103.0934184308,100.9645267231,101.7143320467,52064743,0.0,1.0
92,92,AAPL,2015-10-06 00:00:00+00:00,111.31,111.74,109.765,110.63,48856977,103.0380624328,103.4361072342,101.6078782044,102.4085962352,48856977,0.0,1.0
93,93,AAPL,2015-10-07 00:00:00+00:00,110.78,111.77,109.41,111.74,46765550,102.5474490729,103.4638778017,101.2792598219,103.4361072342,46765550,0.0,1.0
94,94,AAPL,2015-10-08 00:00:00+00:00,109.5,110.19,108.21,110.19,61979577,101.3625715245,102.0012945779,100.1684371202,102.0012945779,61979577,0.0,1.0
95,95,AAPL,2015-10-09 00:00:00+00:00,112.12,112.28,109.49,110.0,52766140,103.7878677564,103.9359774499,101.3533146686,101.8254143168,52766140,0.0,1.0
96,96,AAPL,2015-10-12 00:00:00+00:00,111.6,112.75,111.44,112.73,30467204,103.3065112523,104.3710496748,103.1584015588,104.3525359631,30467204,0.0,1.0
97,97,AAPL,2015-10-13 00:00:00+00:00,111.79,112.45,110.68,110.82,33049256,103.4823915134,104.0933439993,102.4548805144,102.58447649629998,33049256,0.0,1.0
98,98,AAPL,2015-10-14 00:00:00+00:00,110.21,111.52,109.56,111.29,44462449,102.0198082896,103.2324564056,101.41811265959998,103.0195487211,44462449,0.0,1.0
99,99,AAPL,2015-10-15 00:00:00+00:00,111.86,112.1,110.49,110.93,37673452,103.5471895044,103.7693540447,102.2790002533,102.6863019106,37673452,0.0,1.0
100,100,AAPL,2015-10-16 00:00:00+00:00,111.04,112.0,110.53,111.78,39232609,102.7881273249,103.6767854862,102.3160276767,103.4731346576,39232609,0.0,1.0
101,101,AAPL,2015-10-19 00:00:00+00:00,111.73,111.75,110.11,110.8,29759153,103.4268503784,103.4453640901,101.9272397311,102.5659627846,29759153,0.0,1.0
102,102,AAPL,2015-10-20 00:00:00+00:00,113.77,114.17,110.82,111.34,48967763,105.3152489711,105.685523205,102.58447649629998,103.0658330003,48967763,0.0,1.0
103,103,AAPL,2015-10-21 00:00:00+00:00,113.76,115.58,113.7,114.0,42326974,105.3059921153,106.9907398794,105.2504509802,105.5281566556,42326974,0.0,1.0
104,104,AAPL,2015-10-22 00:00:00+00:00,115.5,115.5,114.1,114.33,41654089,106.9166850327,106.9166850327,105.6207252141,105.8336328986,41654089,0.0,1.0
105,105,AAPL,2015-10-23 00:00:00+00:00,119.08,119.228,116.33,116.7,59366914,110.2306394259,110.3676408924,107.685004068,108.0275077343,59366914,0.0,1.0
106,106,AAPL,2015-10-26 00:00:00+00:00,115.28,118.13,114.92,118.08,66333781,106.713034204,109.3512381204,106.3797873935,109.3049538412,66333781,0.0,1.0
107,107,AAPL,2015-10-27 00:00:00+00:00,114.55,116.54,113.99,115.4,69884400,106.0372837272,107.8793980408,105.5188997998,106.8241164742,69884400,0.0,1.0
108,108,AAPL,2015-10-28 00:00:00+00:00,119.27,119.3,116.06,116.93,85551352,110.406519687,110.4342902545,107.4350689601,108.2404154188,85551352,0.0,1.0
109,109,AAPL,2015-10-29 00:00:00+00:00,120.53,120.69,118.27,118.7,51227334,111.5728835237,111.7209932173,109.4808341023,109.8788789037,51227334,0.0,1.0
110,110,AAPL,2015-10-30 00:00:00+00:00,119.5,121.22,119.45,120.99,49365254,110.6194273715,112.2116065771,110.5731430922,111.9986988927,49365254,0.0,1.0
111,111,AAPL,2015-11-02 00:00:00+00:00,121.18,121.36,119.61,119.87,32203267,112.1745791538,112.341202559,110.7212527858,110.9619310378,32203267,0.0,1.0
112,112,AAPL,2015-11-03 00:00:00+00:00,122.57,123.49,120.7,120.79,45518976,113.4612821165,114.3129128544,111.7302500731,111.8135617757,45518976,0.0,1.0
113,113,AAPL,2015-11-04 00:00:00+00:00,122.0,123.82,121.62,123.13,44886050,112.9336413332,114.6183890974,112.581880811,113.9796660439,44886050,0.0,1.0
114,114,AAPL,2015-11-05 00:00:00+00:00,120.92,122.69,120.18,121.85,39552680,112.4152574058,114.0607668799,111.7273042923,113.2798471295,39552680,0.52,1.0
115,115,AAPL,2015-11-06 00:00:00+00:00,121.06,121.81,120.62,121.11,33042283,112.5454106975,113.2426604747,112.1363574949,112.591894016,33042283,0.0,1.0
116,116,AAPL,2015-11-09 00:00:00+00:00,120.57,121.81,120.05,120.96,33871405,112.0898741764,113.2426604747,111.6064476643,112.4524440606,33871405,0.0,1.0
117,117,AAPL,2015-11-10 00:00:00+00:00,116.77,118.07,116.061,116.9,59127931,108.5571419722,109.7657082526,107.8980085161,108.6779986002,59127931,0.0,1.0
118,118,AAPL,2015-11-11 00:00:00+00:00,116.11,117.42,115.21,116.37,45217971,107.9435621683,109.1614251124,107.1068624357,108.1852754243,45217971,0.0,1.0
119,119,AAPL,2015-11-12 00:00:00+00:00,115.72,116.82,115.65,116.26,32525579,107.5809922841,108.6036252906,107.5159156383,108.0830121237,32525579,0.0,1.0
120,120,AAPL,2015-11-13 00:00:00+00:00,112.34,115.57,112.27,115.2,45812403,104.4387199551,107.4415423287,104.3736433092,107.097565772,45812403,0.0,1.0
121,121,AAPL,2015-11-16 00:00:00+00:00,114.175,114.24,111.0,111.38,38106701,106.1446577432,106.2050860572,103.1929670199,103.5462402403,38106701,0.0,1.0
122,122,AAPL,2015-11-17 00:00:00+00:00,113.69,115.05,113.32,114.92,27583101,105.6937695539,106.9581158165,105.3497929972,106.8372591885,27583101,0.0,1.0
123,123,AAPL,2015-11-18 00:00:00+00:00,117.29,117.49,115.5,115.76,46674697,109.0405684843,109.2265017582,107.3764656828,107.6181789389,46674697,0.0,1.0
124,124,AAPL,2015-11-19 00:00:00+00:00,118.78,119.75,116.76,117.64,43295820,110.4257713749,111.3275477534,108.5478453085,109.3659517137,43295820,0.0,1.0
125,125,AAPL,2015-11-20 00:00:00+00:00,119.3,119.92,118.85,119.2,34287096,110.9091978871,111.4855910362,110.4908480208,110.8162312502,34287096,0.0,1.0
126,126,AAPL,2015-11-23 00:00:00+00:00,117.75,119.73,117.34,119.27,32482528,109.4682150143,111.308954426,109.0870518028,110.881307896,32482528,0.0,1.0
127,127,AAPL,2015-11-24 00:00:00+00:00,118.88,119.35,117.12,117.33,42803172,110.5187380119,110.9556812056,108.8825252015,109.0777551391,42803172,0.0,1.0
128,128,AAPL,2015-11-25 00:00:00+00:00,118.03,119.23,117.92,119.21,21388308,109.7285215978,110.8441212412,109.6262582971,110.8255279139,21388308,0.0,1.0
129,129,AAPL,2015-11-27 00:00:00+00:00,117.81,118.41,117.6,118.29,13046445,109.5239949965,110.0817948182,109.3287650589,109.9702348539,13046445,0.0,1.0
130,130,AAPL,2015-11-30 00:00:00+00:00,118.3,119.41,117.75,117.99,39180322,109.9795315176,111.0114611878,109.4682150143,109.691334943,39180322,0.0,1.0
131,131,AAPL,2015-12-01 00:00:00+00:00,117.34,118.81,116.86,118.75,34852374,109.0870518028,110.453661366,108.6408119454,110.3978813839,34852374,0.0,1.0
132,132,AAPL,2015-12-02 00:00:00+00:00,116.28,118.11,116.08,117.05,33386563,108.1016054511,109.8028949074,107.9156721772,108.8174485556,33386563,0.0,1.0
133,133,AAPL,2015-12-03 00:00:00+00:00,115.2,116.79,114.22,116.55,41569509,107.097565772,108.5757352995,106.1864927298,108.3526153709,41569509,0.0,1.0
134,134,AAPL,2015-12-04 00:00:00+00:00,119.03,119.25,115.11,115.29,57776977,110.6581879673,110.8627145686,107.0138957987,107.1812357452,57776977,0.0,1.0
135,135,AAPL,2015-12-07 00:00:00+00:00,118.28,119.86,117.81,118.98,32084249,109.9609381902,111.4298110541,109.5239949965,110.6117046489,32084249,0.0,1.0
136,136,AAPL,2015-12-08 00:00:00+00:00,118.23,118.6,116.86,117.52,34309450,109.9144548717,110.2584314284,108.6408119454,109.2543917493,34309450,0.0,1.0
137,137,AAPL,2015-12-09 00:00:00+00:00,115.62,117.69,115.08,117.64,46361357,107.4880256472,109.4124350321,106.9860058076,109.3659517137,46361357,0.0,1.0
138,138,AAPL,2015-12-10 00:00:00+00:00,116.17,116.94,115.51,116.04,29212727,107.9993421504,108.715185255,107.3857623465,107.8784855224,29212727,0.0,1.0
139,139,AAPL,2015-12-11 00:00:00+00:00,113.18,115.39,112.851,115.19,46886161,105.2196397055,107.2742023822,104.9137794699,107.0882691083,46886161,0.0,1.0
140,140,AAPL,2015-12-14 00:00:00+00:00,112.48,112.68,109.79,112.18,65003609,104.5688732468,104.7548065207,102.0680707127,104.2899733359,65003609,0.0,1.0
141,141,AAPL,2015-12-15 00:00:00+00:00,110.49,112.8,110.35,111.94,53323105,102.7188371714,104.866366485,102.5886838797,104.0668534072,53323105,0.0,1.0
142,142,AAPL,2015-12-16 00:00:00+00:00,111.34,111.99,108.8,111.07,56238467,103.5090535855,104.1133367257,101.1477010069,103.2580436657,56238467,0.0,1.0
143,143,AAPL,2015-12-17 00:00:00+00:00,108.98,112.25,108.98,112.02,44772827,101.3150409534,104.3550499818,101.3150409534,104.1412267168,44772827,0.0,1.0
144,144,AAPL,2015-12-18 00:00:00+00:00,106.03,109.52,105.81,108.91,96453327,98.5725251632,101.8170607929,98.3679985619,101.2499643075,96453327,0.0,1.0
145,145,AAPL,2015-12-21 00:00:00+00:00,107.33,107.37,105.57,107.28,47590610,99.7810914436,99.8182780984,98.1448786332,99.7346081251,47590610,0.0,1.0
146,146,AAPL,2015-12-22 00:00:00+00:00,107.23,107.72,106.451,107.4,32789367,99.6881248067,100.1436613277,98.9639147048,99.8461680895,32789367,0.0,1.0
147,147,AAPL,2015-12-23 00:00:00+00:00,108.61,108.85,107.2,107.27,32657354,100.9710643966,101.1941843253,99.6602348156,99.7253114614,32657354,0.0,1.0
148,148,AAPL,2015-12-24 00:00:00+00:00,108.03,109.0,107.95,109.0,13596680,100.4318579023,101.3336342808,100.3574845927,101.3336342808,13596680,0.0,1.0
149,149,AAPL,2015-12-28 00:00:00+00:00,106.82,107.69,106.1807,107.59,26704210,99.3069615952,100.1157713367,98.7126258851,100.0228046997,26704210,0.0,1.0
150,150,AAPL,2015-12-29 00:00:00+00:00,108.74,109.43,106.86,106.96,30931243,101.0919210247,101.7333908197,99.3441482499,99.4371148869,30931243,0.0,1.0
151,151,AAPL,2015-12-30 00:00:00+00:00,107.32,108.7,107.18,108.58,25213777,99.7717947799,101.0547343699,99.6416414882,100.9431744056,25213777,0.0,1.0
152,152,AAPL,2015-12-31 00:00:00+00:00,105.26,107.03,104.82,107.01,40912316,97.8566820587,99.5021915328,97.4476288561,99.4835982054,40912316,0.0,1.0
153,153,AAPL,2016-01-04 00:00:00+00:00,105.35,105.368,102.0,102.61,67649387,97.9403520319,97.9570860266,94.8259696939,95.3930661794,67649387,0.0,1.0
154,154,AAPL,2016-01-05 00:00:00+00:00,102.71,105.85,102.41,105.75,55790992,95.4860328163,98.4051852167,95.20713290540002,98.3122185797,55790992,0.0,1.0
155,155,AAPL,2016-01-06 00:00:00+00:00,100.7,102.37,99.87,100.56,68457388,93.6174034135,95.1699462507,92.8457803268,93.4872501218,68457388,0.0,1.0
156,156,AAPL,2016-01-07 00:00:00+00:00,96.45,100.13,96.43,98.68,81094428,89.6663213429,93.0874935829,89.6477280155,91.739477347,81094428,0.0,1.0
157,157,AAPL,2016-01-08 00:00:00+00:00,96.96,99.11,96.76,98.55,70798016,90.1404511914,92.1392338859,89.9545179175,91.618620719,70798016,0.0,1.0
158,158,AAPL,2016-01-11 00:00:00+00:00,98.53,99.06,97.34,98.97,49739377,91.6000273916,92.0927505675,90.4937244118,92.0090805942,49739377,0.0,1.0
159,159,AAPL,2016-01-12 00:00:00+00:00,99.96,100.69,98.8399,100.55,49154227,92.9294503,93.6081067498,91.8881309995,93.4779534581,49154227,0.0,1.0
160,160,AAPL,2016-01-13 00:00:00+00:00,97.39,101.19,97.3,100.32,62439631,90.5402077303,94.0729399346,90.4565377571,93.2641301931,62439631,0.0,1.0
161,161,AAPL,2016-01-14 00:00:00+00:00,99.52,100.48,95.74,97.96,63170127,92.5203970974,93.4128768122,89.00625822059999,91.070117561,63170127,0.0,1.0
162,162,AAPL,2016-01-15 00:00:00+00:00,97.13,97.71,95.36,96.2,79833891,90.2984944742,90.8377009686,88.6529850001,89.43390475049999,79833891,0.0,1.0
163,163,AAPL,2016-01-19 00:00:00+00:00,96.66,98.65,95.5,98.41,53087747,89.8615512805,91.7115873559,88.7831382919,91.4884674272,53087747,0.0,1.0
164,164,AAPL,2016-01-20 00:00:00+00:00,96.79,98.1897,93.42,95.1,72334416,89.98240790860001,91.283661926,86.8494322432,88.41127174399999,72334416,0.0,1.0
165,165,AAPL,2016-01-21 00:00:00+00:00,96.3,97.88,94.94,97.06,52161463,89.5268713875,90.9957442514,88.2625251249,90.2334178284,52161463,0.0,1.0
166,166,AAPL,2016-01-22 00:00:00+00:00,101.42,101.46,98.37,98.63,65800467,94.2867631996,94.3239498544,91.4512807725,91.6929940286,65800467,0.0,1.0
167,167,AAPL,2016-01-25 00:00:00+00:00,99.44,101.53,99.21,101.52,51794525,92.4460237879,94.3890265002,92.23220052290002,94.3797298365,51794525,0.0,1.0
168,168,AAPL,2016-01-26 00:00:00+00:00,99.99,100.88,98.07,99.93,75077002,92.9573402911,93.78474336,91.1723808616,92.901560309,75077002,0.0,1.0
169,169,AAPL,2016-01-27 00:00:00+00:00,93.42,96.6289,93.34,96.04,133369674,86.8494322432,89.8326386564,86.77505893360001,89.2851581314,133369674,0.0,1.0
170,170,AAPL,2016-01-28 00:00:00+00:00,94.09,94.52,92.39,93.79,55678825,87.4723087108,87.87206524969999,85.8918758826,87.1934087999,55678825,0.0,1.0
171,171,AAPL,2016-01-29 00:00:00+00:00,97.34,97.34,94.35,94.79,64416504,90.4937244118,90.4937244118,87.7140219669,88.12307516950001,64416504,0.0,1.0
172,172,AAPL,2016-02-01 00:00:00+00:00,96.43,96.71,95.4,96.47,40943541,89.6477280155,89.90803459899999,88.6901716549,89.6849146703,40943541,0.0,1.0
173,173,AAPL,2016-02-02 00:00:00+00:00,94.48,96.04,94.28,95.42,37357215,87.8348785949,89.2851581314,87.648945321,88.7087649823,37357215,0.0,1.0
174,174,AAPL,2016-02-03 00:00:00+00:00,96.35,96.84,94.08,95.0,45964294,89.573354706,90.02889122709999,87.4630120471,88.31830510709999,45964294,0.0,1.0
175,175,AAPL,2016-02-04 00:00:00+00:00,96.6,97.33,95.19,95.86,46471652,90.2891978105,90.9715074834,88.971312004,89.59754142979999,46471652,0.52,1.0
176,176,AAPL,2016-02-05 00:00:00+00:00,94.02,96.92,93.69,96.52,46418064,87.8777471858,90.5882924617,87.5693058268,90.2144241477,46418064,0.0,1.0
177,177,AAPL,2016-02-08 00:00:00+00:00,95.01,95.7,93.04,93.13,54021375,88.8030712627,89.4479941042,86.9617698167,87.04589018729999,54021375,0.0,1.0
178,178,AAPL,2016-02-09 00:00:00+00:00,94.99,95.94,93.93,94.29,44331195,88.784377847,89.6723150926,87.7936268151,88.1301082977,44331195,0.0,1.0
179,179,AAPL,2016-02-10 00:00:00+00:00,94.27,96.35,94.1,95.92,42343601,88.111414882,90.0555301143,87.9525208486,89.6536216769,42343601,0.0,1.0
180,180,AAPL,2016-02-11 00:00:00+00:00,93.7,94.72,92.59,93.79,50074711,87.5786525346,88.5320167351,86.5411679635,87.6627729053,50074711,0.0,1.0
181,181,AAPL,2016-02-12 00:00:00+00:00,93.99,94.5,93.01,94.19,40351381,87.8497070622,88.3263891625,86.93372969309999,88.0366412192,40351381,0.0,1.0
182,182,AAPL,2016-02-16 00:00:00+00:00,96.64,96.85,94.61,95.02,49057916,90.3265846419,90.5228655067,88.4292029488,88.8124179706,49057916,0.0,1.0
183,183,AAPL,2016-02-17 00:00:00+00:00,98.12,98.21,96.15,96.67,44863243,91.7098974034,91.794017774,89.8685959574,90.3546247655,44863243,0.0,1.0
184,184,AAPL,2016-02-18 00:00:00+00:00,96.26,98.89,96.091,98.84,39020983,89.97140974370001,92.4295939077,89.81345038110001,92.3828603685,39020983,0.0,1.0
185,185,AAPL,2016-02-19 00:00:00+00:00,96.04,96.7599,95.8,96.0,35374173,89.7657821711,90.438651669,89.5414611827,89.72839533969999,35374173,0.0,1.0
186,186,AAPL,2016-02-22 00:00:00+00:00,96.88,96.9,95.92,96.31,34280758,90.5509056303,90.569599046,89.6536216769,90.01814328290001,34280758,0.0,1.0
187,187,AAPL,2016-02-23 00:00:00+00:00,94.69,96.5,94.55,96.4,31942633,88.5039766116,90.1957307321,88.3731227017,90.1022636536,31942633,0.0,1.0
188,188,AAPL,2016-02-24 00:00:00+00:00,96.1,96.38,93.32,93.98,36255745,89.8218624181,90.0835702379,87.22347763639999,87.8403603544,36255745,0.0,1.0
189,189,AAPL,2016-02-25 00:00:00+00:00,96.76,96.76,95.25,96.05,27582659,90.4387451361,90.4387451361,89.02739225110001,89.77512887889999,27582659,0.0,1.0
190,190,AAPL,2016-02-26 00:00:00+00:00,96.91,98.0237,96.58,97.2,28991131,90.5789457538,91.6198886068,90.2705043948,90.8500002814,28991131,0.0,1.0
191,191,AAPL,2016-02-29 00:00:00+00:00,96.69,98.23,96.65,96.86,35216277,90.3733181812,91.8127111897,90.3359313498,90.5322122146,35216277,0.0,1.0
192,192,AAPL,2016-03-01 00:00:00+00:00,100.53,100.77,97.42,97.65,50407147,93.9624539947,94.1867749831,91.0556278541,91.2706021346,50407147,0.0,1.0
193,193,AAPL,2016-03-02 00:00:00+00:00,100.75,100.89,99.64,100.51,33169560,94.1680815674,94.2989354773,93.1305969963,93.9437605791,33169560,0.0,1.0
194,194,AAPL,2016-03-03 00:00:00+00:00,101.5,101.7099,100.45,100.58,36955742,94.869084656,95.0652720537,93.887680332,94.009187534,36955742,0.0,1.0
195,195,AAPL,2016-03-04 00:00:00+00:00,103.01,103.75,101.37,102.37,46055100,96.280437541,96.9720939218,94.747577454,95.6822482388,46055100,0.0,1.0
196,196,AAPL,2016-03-07 00:00:00+00:00,101.87,102.83,100.96,102.39,35915810,95.2149128464,96.1121967998,94.3643624322,95.7009416545,35915810,0.0,1.0
197,197,AAPL,2016-03-08 00:00:00+00:00,101.03,101.76,100.4,100.78,31182194,94.4297893871,95.11209906,93.8409467927,94.1961216909,31182194,0.0,1.0
198,198,AAPL,2016-03-09 00:00:00+00:00,101.12,101.58,100.27,101.31,27201683,94.5139097578,94.9438583188,93.7194395907,94.6914972069,27201683,0.0,1.0
199,199,AAPL,2016-03-10 00:00:00+00:00,101.17,102.24,100.15,101.41,33513577,94.560643297,95.5607410367,93.6072790965,94.7849642854,33513577,0.0,1.0
200,200,AAPL,2016-03-11 00:00:00+00:00,102.26,102.28,101.5,102.24,27408237,95.5794344524,95.5981278681,94.869084656,95.5607410367,27408237,0.0,1.0
201,201,AAPL,2016-03-14 00:00:00+00:00,102.52,102.91,101.78,101.91,25076062,95.8224488565,96.1869704625,95.1307924757,95.2522996778,25076062,0.0,1.0
202,202,AAPL,2016-03-15 00:00:00+00:00,104.58,105.18,103.85,103.96,40067734,97.7478706731,98.308673144,97.0655610002,97.1683747866,40067734,0.0,1.0
203,203,AAPL,2016-03-16 00:00:00+00:00,105.97,106.31,104.59,104.61,38303493,99.047063064,99.3648511308,97.757217381,97.7759107967,38303493,0.0,1.0
204,204,AAPL,2016-03-17 00:00:00+00:00,105.8,106.47,104.96,105.52,34420705,98.8881690306,99.5143984564,98.1030455714,98.6264612108,34420705,0.0,1.0
205,205,AAPL,2016-03-18 00:00:00+00:00,105.92,106.5,105.19,106.34,44205171,99.0003295248,99.5424385799,98.3180198519,99.3928912544,44205171,0.0,1.0
206,206,AAPL,2016-03-21 00:00:00+00:00,105.91,107.65,105.1401,105.93,35502678,98.9909828169,100.6173099824,98.2713797797,99.0096762326,35502678,0.0,1.0
207,207,AAPL,2016-03-22 00:00:00+00:00,106.72,107.29,105.21,105.25,32444375,99.7480661526,100.2808284999,98.3367132676,98.3741000989,32444375,0.0,1.0
208,208,AAPL,2016-03-23 00:00:00+00:00,106.13,107.07,105.9,106.48,25703495,99.1966103896,100.0752009273,98.9816361091,99.5237451642,25703495,0.0,1.0
209,209,AAPL,2016-03-24 00:00:00+00:00,105.67,106.25,104.89,105.47,26132955,98.7666618286,99.3087708837,98.0376186164,98.5797276716,26132955,0.0,1.0
210,210,AAPL,2016-03-28 00:00:00+00:00,105.19,106.19,105.06,106.0,19411372,98.3180198519,99.2526906367,98.1965126498,99.0751031875,19411372,0.0,1.0
211,211,AAPL,2016-03-29 00:00:00+00:00,107.68,107.79,104.88,104.89,31190083,100.645350106,100.7481638923,98.0282719086,98.0376186164,31190083,0.0,1.0
212,212,AAPL,2016-03-30 00:00:00+00:00,109.56,110.42,108.6,108.65,45601149,102.4025311814,103.2063480563,101.505247228,101.5519807672,45601149,0.0,1.0
213,213,AAPL,2016-03-31 00:00:00+00:00,108.99,109.9,108.88,109.72,25888449,101.8697688341,102.7203192482,101.7669550477,102.552078507,25888449,0.0,1.0
214,214,AAPL,2016-04-01 00:00:00+00:00,109.99,110.0,108.2,108.78,25873950,102.8044396188,102.8137863267,101.1313789141,101.6734879693,25873950,0.0,1.0
215,215,AAPL,2016-04-04 00:00:00+00:00,111.12,112.19,110.27,110.42,37356204,103.8606176057,104.8607153454,103.0661474386,103.2063480563,37356204,0.0,1.0
216,216,AAPL,2016-04-05 00:00:00+00:00,109.81,110.73,109.42,109.51,26578652,102.6361988776,103.4960959996,102.2716772715,102.3557976421,26578652,0.0,1.0
217,217,AAPL,2016-04-06 00:00:00+00:00,110.96,110.98,109.2,110.23,26404077,103.7110702801,103.7297636958,102.0660496989,103.0287606072,26404077,0.0,1.0
218,218,AAPL,2016-04-07 00:00:00+00:00,108.54,110.42,108.121,109.95,31801870,101.4491669809,103.2063480563,101.0575399221,102.7670527875,31801870,0.0,1.0
219,219,AAPL,2016-04-08 00:00:00+00:00,108.66,109.77,108.17,108.91,23581740,101.5613274751,102.5988120462,101.1033387905,101.7949951713,23581740,0.0,1.0
220,220,AAPL,2016-04-11 00:00:00+00:00,109.02,110.61,108.83,108.97,29407518,101.8978089576,103.3839355054,101.7202215085,101.8510754184,29407518,0.0,1.0
221,221,AAPL,2016-04-12 00:00:00+00:00,110.44,110.5,108.66,109.34,27232325,103.225041472,103.2811217191,101.5613274751,102.1969036087,27232325,0.0,1.0
222,222,AAPL,2016-04-13 00:00:00+00:00,112.04,112.34,110.8,110.8,33257316,104.7205147277,105.0009159631,103.5615229545,103.5615229545,33257316,0.0,1.0
223,223,AAPL,2016-04-14 00:00:00+00:00,112.1,112.39,111.33,111.62,25473923,104.7765949747,105.0476495023,104.0568984705,104.327952998,25473923,0.0,1.0
224,224,AAPL,2016-04-15 00:00:00+00:00,109.85,112.3,109.73,112.11,46938969,102.673585709,104.9635291317,102.5614252148,104.7859416826,46938969,0.0,1.0
225,225,AAPL,2016-04-18 00:00:00+00:00,107.48,108.95,106.94,108.89,60821461,100.458415949,101.8323820027,99.9536937252,101.7763017556,60821461,0.0,1.0
226,226,AAPL,2016-04-19 00:00:00+00:00,106.91,108.0,106.23,107.88,32384879,99.9256536017,100.9444447571,99.290077468,100.8322842629,32384879,0.0,1.0
227,227,AAPL,2016-04-20 00:00:00+00:00,107.13,108.09,106.06,106.64,30611030,100.1312811744,101.0285651277,99.1311834346,99.6732924898,30611030,0.0,1.0
228,228,AAPL,2016-04-21 00:00:00+00:00,105.97,106.93,105.52,106.93,31552525,99.047063064,99.9443470174,98.6264612108,99.9443470174,31552525,0.0,1.0
229,229,AAPL,2016-04-22 00:00:00+00:00,105.68,106.48,104.62,105.01,33683121,98.7760085364,99.5237451642,97.7852575045,98.1497791106,33683121,0.0,1.0
230,230,AAPL,2016-04-25 00:00:00+00:00,105.08,105.65,104.51,105.0,28031588,98.2152060655,98.7479684129,97.6824437182,98.1404324028,28031588,0.0,1.0
231,231,AAPL,2016-04-26 00:00:00+00:00,104.35,105.3,103.91,103.91,56016165,97.5328963926,98.4208336382,97.1216412473,97.1216412473,56016165,0.0,1.0
232,232,AAPL,2016-04-27 00:00:00+00:00,97.82,98.71,95.68,96.0,114602142,91.429496168,92.2613531664,89.4293006885,89.72839533969999,114602142,0.0,1.0
233,233,AAPL,2016-04-28 00:00:00+00:00,94.83,97.88,94.25,97.61,82242690,88.63483052149999,91.4855764151,88.09272146629999,91.2332153032,82242690,0.0,1.0
234,234,AAPL,2016-04-29 00:00:00+00:00,93.74,94.72,92.51,93.99,68531478,87.61603936600001,88.5320167351,86.4663943007,87.8497070622,68531478,0.0,1.0
235,235,AAPL,2016-05-02 00:00:00+00:00,93.64,94.08,92.4,93.965,48160104,87.5225722876,87.9338274329,86.3635805144,87.82634029260001,48160104,0.0,1.0
236,236,AAPL,2016-05-03 00:00:00+00:00,95.18,95.74,93.68,94.2,56831277,88.9619652961,89.48538093559999,87.559959119,88.04598792700001,56831277,0.0,1.0
237,237,AAPL,2016-05-04 00:00:00+00:00,94.19,95.9,93.82,95.2,41025475,88.0366412192,89.6349282612,87.6908130288,88.9806587118,41025475,0.0,1.0
238,238,AAPL,2016-05-05 00:00:00+00:00,93.24,94.07,92.68,94.0,35890500,87.681466321,88.4619855943,87.15485090760001,88.3961586676,35890500,0.57,1.0
239,239,AAPL,2016-05-06 00:00:00+00:00,92.72,93.45,91.85,93.37,43699886,87.1924662943,87.87894710100001,86.3743316343,87.8037163276,43699886,0.0,1.0
240,240,AAPL,2016-05-09 00:00:00+00:00,92.79,93.77,92.59,93.0,32936436,87.258293221,88.17987019430001,87.0702162876,87.45577400100001,32936436,0.0,1.0
241,241,AAPL,2016-05-10 00:00:00+00:00,93.42,93.57,92.11,93.33,33686836,87.85073556100001,87.991793261,86.6188316476,87.766100941,33686836,0.0,1.0
242,242,AAPL,2016-05-11 00:00:00+00:00,92.51,93.57,92.46,93.48,28719109,86.9949855143,87.991793261,86.947966281,87.90715864100001,28719109,0.0,1.0
243,243,AAPL,2016-05-12 00:00:00+00:00,90.34,92.78,89.47,92.72,76314690,84.9543507876,87.2488893743,84.13621612760001,87.1924662943,76314690,0.0,1.0
244,244,AAPL,2016-05-13 00:00:00+00:00,90.52,91.67,90.0,90.0,44392765,85.1236200276,86.2050623943,84.6346200009,84.6346200009,44392765,0.0,1.0
245,245,AAPL,2016-05-16 00:00:00+00:00,93.88,94.39,91.65,92.39,61259756,88.2833125076,88.7629086877,86.18625470100001,86.88213935430001,61259756,0.0,1.0
246,246,AAPL,2016-05-17 00:00:00+00:00,93.49,94.7,93.01,94.55,46916939,87.9165624876,89.05442793430001,87.4651778476,88.9133702343,46916939,0.0,1.0
247,247,AAPL,2016-05-18 00:00:00+00:00,94.56,95.21,93.89,94.16,42062391,88.922774081,89.53402411430001,88.2927163543,88.5466202143,42062391,0.0,1.0
248,248,AAPL,2016-05-19 00:00:00+00:00,94.2,94.64,93.57,94.64,30442100,88.584235601,88.9980048543,87.991793261,88.9980048543,30442100,0.0,1.0
249,249,AAPL,2016-05-20 00:00:00+00:00,95.22,95.43,94.52,94.64,32025968,89.543427961,89.740908741,88.8851586943,88.9980048543,32025968,0.0,1.0
250,250,AAPL,2016-05-23 00:00:00+00:00,96.43,97.19,95.67,95.87,38018643,90.6812934077,91.3959857543,89.966601061,90.1546779943,38018643,0.0,1.0
251,251,AAPL,2016-05-24 00:00:00+00:00,97.9,98.09,96.84,97.22,35140174,92.0636588677,92.2423319544,91.066851121,91.4241972943,35140174,0.0,1.0
252,252,AAPL,2016-05-25 00:00:00+00:00,99.62,99.74,98.11,98.67,38642108,93.6811204944,93.7939666544,92.2611396477,92.787755061,38642108,0.0,1.0
253,253,AAPL,2016-05-26 00:00:00+00:00,100.41,100.73,98.64,99.68,56331159,94.424024381,94.7249474744,92.759543521,93.7375435744,56331159,0.0,1.0
254,254,AAPL,2016-05-27 00:00:00+00:00,100.35,100.47,99.245,99.44,36341240,94.367601301,94.480447461,93.3284762444,93.5118512544,36341240,0.0,1.0
255,255,AAPL,2016-05-31 00:00:00+00:00,99.86,100.4,98.82,99.6,42307212,93.9068128144,94.4146205344,92.928812761,93.662312801,42307212,0.0,1.0
256,256,AAPL,2016-06-01 00:00:00+00:00,98.46,99.54,98.33,99.02,29173285,92.590274281,93.605889721,92.4680242744,93.1168896944,29173285,0.0,1.0
257,257,AAPL,2016-06-02 00:00:00+00:00,97.72,97.84,96.63,97.6,40191600,91.8943896277,92.0072357877,90.869370341,91.7815434677,40191600,0.0,1.0
258,258,AAPL,2016-06-03 00:00:00+00:00,97.92,98.27,97.45,97.79,28504888,92.082466561,92.4116011944,91.6404857677,91.9602165544,28504888,0.0,1.0
259,259,AAPL,2016-06-06 00:00:00+00:00,98.63,101.89,97.55,97.99,23292504,92.7501396744,95.8157936877,91.7345242344,92.1482934877,23292504,0.0,1.0
260,260,AAPL,2016-06-07 00:00:00+00:00,99.03,99.87,98.96,99.25,22409450,93.126293541,93.916216661,93.0604666144,93.3331781677,22409450,0.0,1.0
261,261,AAPL,2016-06-08 00:00:00+00:00,98.94,99.56,98.68,99.02,20848131,93.041658921,93.6246974144,92.7971589077,93.1168896944,20848131,0.0,1.0
262,262,AAPL,2016-06-09 00:00:00+00:00,99.65,99.99,98.46,98.5,26601354,93.7093320344,94.029062821,92.590274281,92.6278896677,26601354,0.0,1.0
263,263,AAPL,2016-06-10 00:00:00+00:00,98.83,99.3457,98.48,98.53,31712936,92.9382166077,93.4231729803,92.6090819744,92.6561012077,31712936,0.0,1.0
264,264,AAPL,2016-06-13 00:00:00+00:00,97.34,99.12,97.1,98.69,38020494,91.5370434543,93.210928161,91.3113511343,92.8065627544,38020494,0.0,1.0
265,265,AAPL,2016-06-14 00:00:00+00:00,97.46,98.475,96.75,97.32,31931944,91.6498896144,92.604380051,90.982216501,91.518235761,31931944,0.0,1.0
266,266,AAPL,2016-06-15 00:00:00+00:00,97.14,98.41,97.03,97.82,29445227,91.348966521,92.5432550477,91.2455242077,91.9884280944,29445227,0.0,1.0
267,267,AAPL,2016-06-16 00:00:00+00:00,97.55,97.75,96.07,96.45,31326815,91.7345242344,91.9226011677,90.3427549277,90.700101101,31326815,0.0,1.0
268,268,AAPL,2016-06-17 00:00:00+00:00,95.33,96.65,95.3,96.62,61008219,89.6468702743,90.8881780343,89.6186587343,90.8599664943,61008219,0.0,1.0
269,269,AAPL,2016-06-20 00:00:00+00:00,95.1,96.57,95.03,96.0,34411901,89.430581801,90.812947261,89.3647548743,90.276928001,34411901,0.0,1.0
270,270,AAPL,2016-06-21 00:00:00+00:00,95.91,96.35,94.676,94.94,35546358,90.192293381,90.6060626343,89.0318587023,89.2801202543,35546358,0.0,1.0
271,271,AAPL,2016-06-22 00:00:00+00:00,95.55,96.89,95.35,96.25,29219122,89.853754901,91.1138703543,89.6656779677,90.5120241677,29219122,0.0,1.0
272,272,AAPL,2016-06-23 00:00:00+00:00,96.1,96.29,95.25,95.94,32240187,90.3709664677,90.5496395543,89.571639501,90.220504921,32240187,0.0,1.0
273,273,AAPL,2016-06-24 00:00:00+00:00,93.4,94.655,92.65,92.91,75311356,87.8319278676,89.0121106243,87.1266393676,87.371139381,75311356,0.0,1.0
274,274,AAPL,2016-06-27 00:00:00+00:00,92.04,93.05,91.5,93.0,46622188,86.55300472100001,87.5027932343,86.045197001,87.45577400100001,46622188,0.0,1.0
275,275,AAPL,2016-06-28 00:00:00+00:00,93.59,93.66,92.14,92.9,40444914,88.0106009543,88.076427881,86.6470431876,87.36173553430001,40444914,0.0,1.0
276,276,AAPL,2016-06-29 00:00:00+00:00,94.4,94.55,93.63,93.97,36531006,88.7723125343,88.9133702343,88.048216341,88.3679471276,36531006,0.0,1.0
277,277,AAPL,2016-06-30 00:00:00+00:00,95.6,95.77,94.3,94.44,35836356,89.90077413430001,90.0606395277,88.6782740677,88.80992792100001,35836356,0.0,1.0
278,278,AAPL,2016-07-01 00:00:00+00:00,95.89,96.465,95.33,95.49,26026540,90.1734856877,90.714206871,89.6468702743,89.797331821,26026540,0.0,1.0
279,279,AAPL,2016-07-05 00:00:00+00:00,94.99,95.4,94.46,95.39,27705210,89.32713948770001,89.712697201,88.8287356143,89.7032933543,27705210,0.0,1.0
280,280,AAPL,2016-07-06 00:00:00+00:00,95.53,95.66,94.37,94.6,30949090,89.83494720770001,89.95719721430001,88.7441009943,88.96038946770001,30949090,0.0,1.0
281,281,AAPL,2016-07-07 00:00:00+00:00,95.94,96.5,95.62,95.7,25139558,90.220504921,90.7471203343,89.9195818277,89.994812601,25139558,0.0,1.0
282,282,AAPL,2016-07-08 00:00:00+00:00,96.68,96.89,96.05,96.49,28912103,90.9163895743,91.1138703543,90.3239472343,90.7377164877,28912103,0.0,1.0
283,283,AAPL,2016-07-11 00:00:00+00:00,96.98,97.65,96.73,96.75,23794945,91.1985049743,91.828562701,90.9634088077,90.982216501,23794945,0.0,1.0
284,284,AAPL,2016-07-12 00:00:00+00:00,97.42,97.7,97.12,97.17,24167463,91.6122742277,91.8755819344,91.3301588277,91.377178061,24167463,0.0,1.0
285,285,AAPL,2016-07-13 00:00:00+00:00,96.87,97.67,96.84,97.41,25892171,91.095062661,91.8473703944,91.066851121,91.602870381,25892171,0.0,1.0
286,286,AAPL,2016-07-14 00:00:00+00:00,98.79,98.99,97.32,97.39,38918997,92.900601221,93.0886781544,91.518235761,91.5840626877,38918997,0.0,1.0
287,287,AAPL,2016-07-15 00:00:00+00:00,98.78,99.3,98.5,98.92,30136990,92.8911973744,93.380197401,92.6278896677,93.0228512277,30136990,0.0,1.0
288,288,AAPL,2016-07-18 00:00:00+00:00,99.83,100.13,98.6,98.7,36493867,93.8786012744,94.1607166744,92.7219281344,92.815966601,36493867,0.0,1.0
289,289,AAPL,2016-07-19 00:00:00+00:00,99.87,100.0,99.34,99.56,23779924,93.916216661,94.0384666677,93.4178127877,93.6246974144,23779924,0.0,1.0
290,290,AAPL,2016-07-20 00:00:00+00:00,99.96,100.46,99.735,100.0,26275968,94.000851281,94.4710436144,93.789264731,94.0384666677,26275968,0.0,1.0
291,291,AAPL,2016-07-21 00:00:00+00:00,99.43,101.0,99.13,99.83,32702028,93.5024474077,94.9788513344,93.2203320077,93.8786012744,32702028,0.0,1.0
292,292,AAPL,2016-07-22 00:00:00+00:00,98.66,99.3,98.31,99.26,28313669,92.7783512144,93.380197401,92.449216581,93.3425820144,28313669,0.0,1.0
293,293,AAPL,2016-07-25 00:00:00+00:00,97.34,98.84,96.92,98.25,40382921,91.5370434543,92.9476204544,91.1420818943,92.392793501,40382921,0.0,1.0
294,294,AAPL,2016-07-26 00:00:00+00:00,96.67,97.97,96.42,96.82,56239822,90.9069857277,92.1294857944,90.671889561,91.0480434277,56239822,0.0,1.0
295,295,AAPL,2016-07-27 00:00:00+00:00,102.95,104.35,102.75,104.265,92344820,96.8126014344,98.1291399678,96.6245245011,98.0492072711,92344820,0.0,1.0
296,296,AAPL,2016-07-28 00:00:00+00:00,104.34,104.45,102.82,102.83,39869839,98.1197361211,98.2231784344,96.6903514277,96.6997552744,39869839,0.0,1.0
297,297,AAPL,2016-07-29 00:00:00+00:00,104.21,104.55,103.68,104.19,27733688,97.9974861144,98.3172169011,97.4990822411,97.9786784211,27733688,0.0,1.0
298,298,AAPL,2016-08-01 00:00:00+00:00,106.05,106.15,104.41,104.41,38167871,99.7277939011,99.8218323678,98.1855630478,98.1855630478,38167871,0.0,1.0
299,299,AAPL,2016-08-02 00:00:00+00:00,104.48,106.07,104.0,106.05,33816556,98.2513899744,99.7466015944,97.8000053344,99.7277939011,33816556,0.0,1.0
300,300,AAPL,2016-08-03 00:00:00+00:00,105.79,105.84,104.77,104.81,30202641,99.4832938878,99.5303131211,98.5241015278,98.5617169144,30202641,0.0,1.0
301,301,AAPL,2016-08-04 00:00:00+00:00,105.87,106.0,105.28,105.58,27408650,100.0945439211,100.2174521171,99.5367298008,99.8203640993,27408650,0.57,1.0
302,302,AAPL,2016-08-05 00:00:00+00:00,107.48,107.65,106.18,106.27,40553402,101.6167146561,101.7774407586,100.3876326962,100.4727229857,40553402,0.0,1.0
303,303,AAPL,2016-08-08 00:00:00+00:00,108.37,108.37,107.16,107.52,28037220,102.4581630748,102.4581630748,101.3141714044,101.6545325626,28037220,0.0,1.0
304,304,AAPL,2016-08-09 00:00:00+00:00,108.81,108.94,108.01,108.23,26315204,102.8741600459,102.9970682419,102.1178019167,102.3258004022,26315204,0.0,1.0
305,305,AAPL,2016-08-10 00:00:00+00:00,108.0,108.9,107.76,108.71,24008505,102.1083474401,102.9592503354,101.8814400013,102.7796152797,24008505,0.0,1.0
306,306,AAPL,2016-08-11 00:00:00+00:00,107.93,108.93,107.85,108.52,27484506,102.0421661038,102.9876137652,101.9665302908,102.599980224,27484506,0.0,1.0
307,307,AAPL,2016-08-12 00:00:00+00:00,108.18,108.44,107.78,107.78,18660434,102.2785280191,102.5243444111,101.9003489545,101.9003489545,18660434,0.0,1.0
308,308,AAPL,2016-08-15 00:00:00+00:00,109.48,109.54,108.08,108.14,25868209,103.5076099791,103.5643368388,102.183983253,102.2407101127,25868209,0.0,1.0
309,309,AAPL,2016-08-16 00:00:00+00:00,109.38,110.23,109.21,109.63,33794448,103.4130652129,104.2166957252,103.2523391105,103.6494271283,33794448,0.0,1.0
310,310,AAPL,2016-08-17 00:00:00+00:00,109.22,109.37,108.34,109.1,25355976,103.2617935871,103.4036107363,102.429799645,103.1483398677,25355976,0.0,1.0
311,311,AAPL,2016-08-18 00:00:00+00:00,109.08,109.6,109.02,109.23,21984703,103.1294309145,103.6210636984,103.0727040548,103.2712480637,21984703,0.0,1.0
312,312,AAPL,2016-08-19 00:00:00+00:00,109.36,109.69,108.36,108.77,25368072,103.3941562597,103.706153988,102.4487085982,102.8363421394,25368072,0.0,1.0
313,313,AAPL,2016-08-22 00:00:00+00:00,108.51,109.1,107.85,108.86,25820230,102.5905257474,103.1483398677,101.9665302908,102.9214324289,25820230,0.0,1.0
314,314,AAPL,2016-08-23 00:00:00+00:00,108.85,109.32,108.53,108.59,21257669,102.9119779523,103.3563383532,102.6094347007,102.6661615603,21257669,0.0,1.0
315,315,AAPL,2016-08-24 00:00:00+00:00,108.03,108.75,107.68,108.565,23675081,102.1367108699,102.8174331862,101.8058041884,102.6425253688,23675081,0.0,1.0
316,316,AAPL,2016-08-25 00:00:00+00:00,107.57,107.88,106.68,107.39,25086248,101.7018049456,101.9948937207,100.8603565269,101.5316243666,25086248,0.0,1.0
317,317,AAPL,2016-08-26 00:00:00+00:00,106.94,107.95,106.31,107.41,27766291,101.1061729189,102.061075057,100.5105408922,101.5505333198,27766291,0.0,1.0
318,318,AAPL,2016-08-29 00:00:00+00:00,106.82,107.44,106.29,106.62,24970300,100.9927191995,101.5788967496,100.4916319389,100.8036296672,24970300,0.0,1.0
319,319,AAPL,2016-08-30 00:00:00+00:00,106.0,106.5,105.5,105.8,24863945,100.2174521171,100.6901759478,99.7447282864,100.0283625848,24863945,0.0,1.0
320,320,AAPL,2016-08-31 00:00:00+00:00,106.1,106.5699,105.64,105.66,29662406,100.3119968833,100.7562627394,99.877090959,99.8959999122,29662406,0.0,1.0
321,321,AAPL,2016-09-01 00:00:00+00:00,106.73,106.8,105.62,106.14,26701523,100.90762891,100.9738102463,99.8581820057,100.3498147897,26701523,0.0,1.0
322,322,AAPL,2016-09-02 00:00:00+00:00,107.73,108.0,106.82,107.7,26802450,101.8530765715,102.1083474401,100.9927191995,101.8247131416,26802450,0.0,1.0
323,323,AAPL,2016-09-06 00:00:00+00:00,107.7,108.3,107.51,107.9,26880391,101.8247131416,102.3919817385,101.6450780859,102.0138026739,26880391,0.0,1.0
324,324,AAPL,2016-09-07 00:00:00+00:00,108.36,108.76,107.07,107.83,42364328,102.4487085982,102.8268876628,101.2290811149,101.9476213376,42364328,0.0,1.0
325,325,AAPL,2016-09-08 00:00:00+00:00,105.52,107.27,105.24,107.25,53002026,99.7636372396,101.4181706472,99.4989118944,101.399261694,53002026,0.0,1.0
326,326,AAPL,2016-09-09 00:00:00+00:00,103.13,105.72,103.13,104.64,46556984,97.5040173287,99.9527267719,97.5040173287,98.9316432975,46556984,0.0,1.0
327,327,AAPL,2016-09-12 00:00:00+00:00,105.44,105.72,102.53,102.65,45292770,99.6880014267,99.9527267719,96.9367487318,97.0502024511,45292770,0.0,1.0
328,328,AAPL,2016-09-13 00:00:00+00:00,107.95,108.79,107.24,107.51,62176190,102.061075057,102.8552510926,101.3898072173,101.6450780859,62176190,0.0,1.0
329,329,AAPL,2016-09-14 00:00:00+00:00,111.77,113.03,108.6,108.73,112340318,105.6726851239,106.8639491773,102.675616037,102.798524233,112340318,0.0,1.0
330,330,AAPL,2016-09-15 00:00:00+00:00,115.57,115.73,113.49,113.86,90613177,109.2653862375,109.4166578633,107.2988551016,107.6486707364,90613177,0.0,1.0
331,331,AAPL,2016-09-16 00:00:00+00:00,114.92,116.13,114.04,115.12,79886911,108.6508452575,109.7948369279,107.8188513154,108.8399347898,79886911,0.0,1.0
332,332,AAPL,2016-09-19 00:00:00+00:00,113.58,116.18,113.25,115.19,47023046,107.3839453911,109.842109311,107.0719476628,108.9061161261,47023046,0.0,1.0
333,333,AAPL,2016-09-20 00:00:00+00:00,113.57,114.12,112.51,113.05,34514269,107.3744909145,107.8944871283,106.3723163934,106.8828581306,34514269,0.0,1.0
334,334,AAPL,2016-09-21 00:00:00+00:00,113.55,113.989,112.441,113.85,36003185,107.3555819613,107.7706334847,106.3070805047,107.6392162597,36003185,0.0,1.0
335,335,AAPL,2016-09-22 00:00:00+00:00,114.62,114.94,114.0,114.35,31073984,108.3672109591,108.6697542108,107.781033409,108.1119400905,31073984,0.0,1.0
336,336,AAPL,2016-09-23 00:00:00+00:00,112.71,114.79,111.55,114.42,52481151,106.5614059256,108.5279370615,105.4646866383,108.1781214268,52481151,0.0,1.0
337,337,AAPL,2016-09-26 00:00:00+00:00,112.88,113.39,111.55,111.64,29869442,106.7221320281,107.2043103355,105.4646866383,105.5497769279,29869442,0.0,1.0
338,338,AAPL,2016-09-27 00:00:00+00:00,113.09,113.18,112.34,113.0,24607412,106.920676037,107.0057663265,106.2115902909,106.8355857475,24607412,0.0,1.0
339,339,AAPL,2016-09-28 00:00:00+00:00,113.95,114.64,113.43,113.69,29641085,107.7337610259,108.3861199123,107.2421282419,107.4879446339,29641085,0.0,1.0
340,340,AAPL,2016-09-29 00:00:00+00:00,112.18,113.8,111.8,113.16,35886990,106.0603186651,107.5919438767,105.7010485537,106.9868573733,35886990,0.0,1.0
341,341,AAPL,2016-09-30 00:00:00+00:00,113.05,113.37,111.8,112.46,36379106,106.8828581306,107.1854013822,105.7010485537,106.3250440103,36379106,0.0,1.0
342,342,AAPL,2016-10-03 00:00:00+00:00,112.52,113.05,112.28,112.71,21701760,106.38177087,106.8828581306,106.1548634312,106.5614059256,21701760,0.0,1.0
343,343,AAPL,2016-10-04 00:00:00+00:00,113.0,114.31,112.63,113.06,29736835,106.8355857475,108.074122184,106.4857701127,106.8923126072,29736835,0.0,1.0
344,344,AAPL,2016-10-05 00:00:00+00:00,113.05,113.66,112.69,113.4,21453089,106.8828581306,107.4595812041,106.5424969724,107.2137648121,21453089,0.0,1.0
345,345,AAPL,2016-10-06 00:00:00+00:00,113.89,114.34,113.13,113.7,28779313,107.6770341662,108.1024856139,106.9584939435,107.4973991105,28779313,0.0,1.0
346,346,AAPL,2016-10-07 00:00:00+00:00,114.06,114.56,113.51,114.31,24358443,107.8377602687,108.3104840994,107.3177640548,108.074122184,24358443,0.0,1.0
347,347,AAPL,2016-10-10 00:00:00+00:00,116.05,116.75,114.72,115.02,36235956,109.719201115,110.381014478,108.4617557252,108.7453900237,36235956,0.0,1.0
348,348,AAPL,2016-10-11 00:00:00+00:00,116.3,118.69,116.2,117.7,64041043,109.9555630304,112.2151829413,109.8610182642,111.2791897564,64041043,0.0,1.0
349,349,AAPL,2016-10-12 00:00:00+00:00,117.34,117.98,116.75,117.35,37586787,110.9388285983,111.5439151017,110.381014478,110.9482830749,37586787,0.0,1.0
350,350,AAPL,2016-10-13 00:00:00+00:00,116.98,117.44,115.72,116.79,35192406,110.5984674402,111.0333733645,109.4072033867,110.4188323845,35192406,0.0,1.0
351,351,AAPL,2016-10-14 00:00:00+00:00,117.63,118.17,117.13,117.88,35652191,111.2130084201,111.7235501573,110.7402845894,111.4493703355,35652191,0.0,1.0
352,352,AAPL,2016-10-17 00:00:00+00:00,117.55,117.84,116.78,117.33,23624896,111.1373726072,111.4115524291,110.4093779079,110.9293741217,23624896,0.0,1.0
353,353,AAPL,2016-10-18 00:00:00+00:00,117.47,118.21,117.45,118.18,24553478,111.0617367943,111.7613680638,111.0428278411,111.733004634,24553478,0.0,1.0
354,354,AAPL,2016-10-19 00:00:00+00:00,117.12,117.76,113.8,117.25,20034594,110.7308301128,111.3359166161,107.5919438767,110.8537383088,20034594,0.0,1.0
355,355,AAPL,2016-10-20 00:00:00+00:00,117.06,117.38,116.33,116.86,24125801,110.6741032531,110.9766465048,109.9839264602,110.4850137208,24125801,0.0,1.0
356,356,AAPL,2016-10-21 00:00:00+00:00,116.6,116.91,116.28,116.81,23192665,110.2391973288,110.5322861039,109.9366540771,110.4377413377,23192665,0.0,1.0
357,357,AAPL,2016-10-24 00:00:00+00:00,117.65,117.74,117.0,117.1,23538673,111.2319173734,111.3170076629,110.6173763934,110.7119211596,23538673,0.0,1.0
358,358,AAPL,2016-10-25 00:00:00+00:00,118.25,118.36,117.31,117.95,48128970,111.7991859703,111.903185213,110.9104651685,111.5155516718,48128970,0.0,1.0
359,359,AAPL,2016-10-26 00:00:00+00:00,115.59,115.7,113.31,114.31,66134219,109.2842951907,109.3882944335,107.1286745225,108.074122184,66134219,0.0,1.0
360,360,AAPL,2016-10-27 00:00:00+00:00,114.48,115.86,114.1,115.39,34562045,108.2348482865,109.5395660593,107.8755781751,109.0952056584,34562045,0.0,1.0
361,361,AAPL,2016-10-28 00:00:00+00:00,113.72,115.21,113.45,113.87,37861662,107.5163080637,108.9250250794,107.2610371951,107.658125213,37861662,0.0,1.0
362,362,AAPL,2016-10-31 00:00:00+00:00,113.54,114.23,113.2,113.65,26419398,107.3461274847,107.9984863711,107.0246752798,107.4501267274,26419398,0.0,1.0
363,363,AAPL,2016-11-01 00:00:00+00:00,111.49,113.77,110.53,113.46,43825812,105.4079597786,107.5635804468,104.5003300236,107.2704916718,43825812,0.0,1.0
364,364,AAPL,2016-11-02 00:00:00+00:00,111.59,112.35,111.23,111.4,28331709,105.5025045448,106.2210447675,105.1621433867,105.3228694891,28331709,0.0,1.0
365,365,AAPL,2016-11-03 00:00:00+00:00,109.83,111.46,109.55,110.98,26932602,104.3774218276,105.9264994711,104.1113226005,105.4703293675,26932602,0.57,1.0
366,366,AAPL,2016-11-04 00:00:00+00:00,108.84,110.25,108.11,108.53,30836997,103.436570989,104.7765706683,102.7428122898,103.1419611304,30836997,0.0,1.0
367,367,AAPL,2016-11-07 00:00:00+00:00,110.41,110.51,109.46,110.08,32560000,104.9286273695,105.0236628077,104.0257907061,104.6150104232,32560000,0.0,1.0
368,368,AAPL,2016-11-08 00:00:00+00:00,111.06,111.72,109.7,110.31,24254179,105.5463577181,106.1735916105,104.2538757579,104.8335919312,24254179,0.0,1.0
369,369,AAPL,2016-11-09 00:00:00+00:00,110.88,111.32,108.05,109.88,59176361,105.3752939292,105.7934498575,102.6857910268,104.4249395467,59176361,0.0,1.0
370,370,AAPL,2016-11-10 00:00:00+00:00,107.79,111.09,105.83,111.09,57134541,102.4386988874,105.5748683495,100.5760042977,105.5748683495,57134541,0.0,1.0
371,371,AAPL,2016-11-11 00:00:00+00:00,108.43,108.87,106.55,107.12,34143898,103.0469256922,103.4650816204,101.2602594531,101.8019614511,34143898,0.0,1.0
372,372,AAPL,2016-11-14 00:00:00+00:00,105.71,107.809,104.08,107.71,51175504,100.4619617718,102.4567556206,98.9128841284,102.3626705368,51175504,0.0,1.0
373,373,AAPL,2016-11-15 00:00:00+00:00,107.11,107.68,106.1593,106.57,32264510,101.7924579073,102.3341599053,100.8889559959,101.2792665407,32264510,0.0,1.0
374,374,AAPL,2016-11-16 00:00:00+00:00,109.99,110.23,106.6,106.7,58840522,104.5294785288,104.7575635806,101.3077771722,101.4028126105,58840522,0.0,1.0
375,375,AAPL,2016-11-17 00:00:00+00:00,109.95,110.35,108.83,109.81,27632003,104.4914643535,104.8716061065,103.4270674451,104.35841474,27632003,0.0,1.0
376,376,AAPL,2016-11-18 00:00:00+00:00,110.06,110.54,109.66,109.72,28428917,104.5960033356,105.0521734392,104.2158615826,104.2728828456,28428917,0.0,1.0
377,377,AAPL,2016-11-21 00:00:00+00:00,111.73,111.99,110.01,110.12,29264571,106.1830951543,106.4301872938,104.5484856165,104.6530245985,29264571,0.0,1.0
378,378,AAPL,2016-11-22 00:00:00+00:00,111.8,112.42,111.4,111.95,25965534,106.2496199611,106.8388396782,105.8694782081,106.3921731185,25965534,0.0,1.0
379,379,AAPL,2016-11-23 00:00:00+00:00,111.23,111.51,110.33,111.36,27426394,105.7079179631,105.9740171902,104.8525990189,105.8314640328,27426394,0.0,1.0
380,380,AAPL,2016-11-25 00:00:00+00:00,111.79,111.87,110.95,111.13,11475922,106.2401164173,106.3161447679,105.441818736,105.6128825248,11475922,0.0,1.0
381,381,AAPL,2016-11-28 00:00:00+00:00,111.57,112.465,111.39,111.43,27193983,106.0310384531,106.8816056255,105.8599746643,105.8979888396,27193983,0.0,1.0
382,382,AAPL,2016-11-29 00:00:00+00:00,111.46,112.03,110.07,110.78,28528750,105.9264994711,106.4682014691,104.6055068794,105.280258491,28528750,0.0,1.0
383,383,AAPL,2016-11-30 00:00:00+00:00,110.52,112.2,110.27,111.6,36162258,105.0331663515,106.6297617141,104.7955777559,106.0595490846,36162258,0.0,1.0
384,384,AAPL,2016-12-01 00:00:00+00:00,109.49,110.94,109.03,110.365,37086862,104.0543013376,105.4323151922,103.6171383216,104.8858614223,37086862,0.0,1.0
385,385,AAPL,2016-12-02 00:00:00+00:00,109.9,110.09,108.85,109.17,26527997,104.4439466344,104.6245139671,103.4460745328,103.7501879352,26527997,0.0,1.0
386,386,AAPL,2016-12-05 00:00:00+00:00,109.11,110.03,108.25,110.0,34324540,103.6931666722,104.5674927041,102.8758619033,104.5389820726,34324540,0.0,1.0
387,387,AAPL,2016-12-06 00:00:00+00:00,109.95,110.36,109.19,109.5,26195462,104.4914643535,104.8811096503,103.7691950228,104.0638048814,26195462,0.0,1.0
388,388,AAPL,2016-12-07 00:00:00+00:00,111.03,111.19,109.16,109.26,29998719,105.5178470866,105.6699037878,103.7406843914,103.8357198296,29998719,0.0,1.0
389,389,AAPL,2016-12-08 00:00:00+00:00,112.12,112.43,110.6,110.86,27068316,106.5537333635,106.84834322209998,105.10919470209998,105.3562868416,27068316,0.0,1.0
390,390,AAPL,2016-12-09 00:00:00+00:00,113.95,114.7,112.31,112.31,34402627,108.2928818834,109.0056476703,106.7343006962,106.7343006962,34402627,0.0,1.0
391,391,AAPL,2016-12-12 00:00:00+00:00,113.3,115.0,112.49,113.29,26374377,107.6751515348,109.290753985,106.905364485,107.665647991,26374377,0.0,1.0
392,392,AAPL,2016-12-13 00:00:00+00:00,115.19,115.92,113.75,113.84,43733811,109.4713213177,110.1650800169,108.1028110069,108.1883429014,43733811,0.0,1.0
393,393,AAPL,2016-12-14 00:00:00+00:00,115.19,116.2,114.98,115.04,34031834,109.4713213177,110.431179244,109.2717468974,109.3287681603,34031834,0.0,1.0
394,394,AAPL,2016-12-15 00:00:00+00:00,115.82,116.73,115.23,115.38,46524544,110.0700445787,110.9348670667,109.509335493,109.6518886504,46524544,0.0,1.0
395,395,AAPL,2016-12-16 00:00:00+00:00,115.97,116.5,115.645,116.47,44351134,110.212597736,110.7162855588,109.9037325617,110.6877749273,44351134,0.0,1.0
396,396,AAPL,2016-12-19 00:00:00+00:00,116.64,117.38,115.75,115.8,27779423,110.8493351723,111.5525974153,110.0035197719,110.051037491,27779423,0.0,1.0
397,397,AAPL,2016-12-20 00:00:00+00:00,116.95,117.5,116.68,116.74,21424965,111.1439450309,111.6666399412,110.8873493476,110.9443706106,21424965,0.0,1.0
398,398,AAPL,2016-12-21 00:00:00+00:00,117.06,117.4,116.78,116.8,23783165,111.2484840129,111.571604503,110.9823847859,111.0013918735,23783165,0.0,1.0
399,399,AAPL,2016-12-22 00:00:00+00:00,116.29,116.51,115.64,116.35,26085854,110.5167111384,110.7257891026,109.8989807898,110.5737324014,26085854,0.0,1.0
400,400,AAPL,2016-12-23 00:00:00+00:00,116.52,116.52,115.59,115.59,14249484,110.7352926464,110.7352926464,109.8514630707,109.8514630707,14249484,0.0,1.0
401,401,AAPL,2016-12-27 00:00:00+00:00,117.26,117.8,116.49,116.52,18296855,111.4385548894,111.951746256,110.7067820149,110.7352926464,18296855,0.0,1.0
402,402,AAPL,2016-12-28 00:00:00+00:00,116.76,118.0166,116.2,117.52,20905892,110.9633776982,112.1575930152,110.431179244,111.6856470289,20905892,0.0,1.0
403,403,AAPL,2016-12-29 00:00:00+00:00,116.73,117.1095,116.4,116.45,15039519,110.9348670667,111.2955265549,110.6212501205,110.6687678396,15039519,0.0,1.0
404,404,AAPL,2016-12-30 00:00:00+00:00,115.82,117.2,115.43,116.65,30586265,110.0700445787,111.3815336265,109.6994063695,110.8588387161,30586265,0.0,1.0
405,405,AAPL,2017-01-03 00:00:00+00:00,116.15,116.33,114.76,115.8,28781865,110.3836615249,110.5547253137,109.0626689332,110.051037491,28781865,0.0,1.0
406,406,AAPL,2017-01-04 00:00:00+00:00,116.02,116.51,115.75,115.85,21118116,110.2601154552,110.7257891026,110.0035197719,110.0985552101,21118116,0.0,1.0
407,407,AAPL,2017-01-05 00:00:00+00:00,116.61,116.8642,115.81,115.92,22193587,110.8208245408,111.0624046249,110.0605410348,110.1650800169,22193587,0.0,1.0
408,408,AAPL,2017-01-06 00:00:00+00:00,117.91,118.16,116.47,116.78,31751900,112.0562852381,112.2938738337,110.6877749273,110.9823847859,31751900,0.0,1.0
409,409,AAPL,2017-01-09 00:00:00+00:00,118.99,119.43,117.94,117.95,33561948,113.0826679711,113.5008238994,112.0847958695,112.0942994134,33561948,0.0,1.0
410,410,AAPL,2017-01-10 00:00:00+00:00,119.11,119.38,118.3,118.77,24462051,113.196710497,113.4533061803,112.4269234472,112.873590007,24462051,0.0,1.0
411,411,AAPL,2017-01-11 00:00:00+00:00,119.75,119.93,118.6,118.74,27588593,113.8049373018,113.9760010907,112.712029762,112.8450793755,27588593,0.0,1.0
412,412,AAPL,2017-01-12 00:00:00+00:00,119.25,119.3,118.21,118.895,27086220,113.3297601106,113.3772778297,112.3413915528,112.9923843048,27086220,0.0,1.0
413,413,AAPL,2017-01-13 00:00:00+00:00,119.04,119.62,118.81,119.11,26111948,113.1301856903,113.6813912321,112.9116041823,113.196710497,26111948,0.0,1.0
414,414,AAPL,2017-01-17 00:00:00+00:00,120.0,120.24,118.22,118.34,34439843,114.0425258974,114.2706109492,112.3508950966,112.4649376225,34439843,0.0,1.0
415,415,AAPL,2017-01-18 00:00:00+00:00,119.99,120.5,119.71,120.0,23712961,114.0330223536,114.5177030887,113.7669231265,114.0425258974,23712961,0.0,1.0
416,416,AAPL,2017-01-19 00:00:00+00:00,119.78,120.09,119.37,119.4,25597291,113.8334479333,114.1280577919,113.4438026365,113.4723132679,25597291,0.0,1.0
417,417,AAPL,2017-01-20 00:00:00+00:00,120.0,120.45,119.7346,120.45,32597892,114.0425258974,114.4701853695,113.7903018443,114.4701853695,32597892,0.0,1.0
418,418,AAPL,2017-01-23 00:00:00+00:00,120.08,120.81,119.77,120.0,22050218,114.118554248,114.8123129472,113.8239443895,114.0425258974,22050218,0.0,1.0
419,419,AAPL,2017-01-24 00:00:00+00:00,119.97,120.1,119.5,119.55,23211038,114.014015266,114.1375613357,113.5673487062,113.6148664253,23211038,0.0,1.0
420,420,AAPL,2017-01-25 00:00:00+00:00,121.88,122.1,120.28,120.42,32586673,115.8291921365,116.0382701006,114.3086251245,114.4416747381,32586673,0.0,1.0
421,421,AAPL,2017-01-26 00:00:00+00:00,121.94,122.44,121.6,121.67,26337576,115.8862133994,116.3613905907,115.5630929094,115.6296177162,26337576,0.0,1.0
422,422,AAPL,2017-01-27 00:00:00+00:00,121.95,122.35,121.6,122.14,20562944,115.8957169433,116.2758586963,115.5630929094,116.0762842759,20562944,0.0,1.0
423,423,AAPL,2017-01-30 00:00:00+00:00,121.63,121.63,120.66,120.93,30377503,115.5916035409,115.5916035409,114.6697597899,114.9263554731,30377503,0.0,1.0
424,424,AAPL,2017-01-31 00:00:00+00:00,121.35,121.39,120.62,121.15,49200993,115.3255043138,115.3635184891,114.6317456146,115.1354334373,49200993,0.0,1.0
425,425,AAPL,2017-02-01 00:00:00+00:00,128.75,130.49,127.01,127.03,111985040,122.3581267441,124.0117433696,120.7045101186,120.7235172063,111985040,0.0,1.0
426,426,AAPL,2017-02-02 00:00:00+00:00,128.53,129.39,127.78,127.975,33710411,122.14904878,122.9663535489,121.4362829931,121.6216020977,33710411,0.0,1.0
427,427,AAPL,2017-02-03 00:00:00+00:00,129.08,129.19,128.16,128.31,24507301,122.6717436903,122.7762826724,121.7974176585,121.9399708158,24507301,0.0,1.0
428,428,AAPL,2017-02-06 00:00:00+00:00,130.29,130.5,128.9,129.13,26845924,123.8216724931,124.0212469135,122.5006799015,122.7192614095,26845924,0.0,1.0
429,429,AAPL,2017-02-07 00:00:00+00:00,131.53,132.09,130.45,130.54,38183841,125.0001119274,125.5323103816,123.9737291943,124.0592610888,38183841,0.0,1.0
430,430,AAPL,2017-02-08 00:00:00+00:00,132.04,132.22,131.22,131.35,23004072,125.4847926625,125.6558564513,124.7055020688,124.8290481386,23004072,0.0,1.0
431,431,AAPL,2017-02-09 00:00:00+00:00,132.42,132.445,131.12,131.65,28349859,126.3876293258,126.4114904551,125.1468506057,125.6527065454,28349859,0.57,1.0
432,432,AAPL,2017-02-10 00:00:00+00:00,132.12,132.94,132.05,132.46,20065458,126.101295775,126.8839408139,126.0344846132,126.4258071326,20065458,0.0,1.0
433,433,AAPL,2017-02-13 00:00:00+00:00,133.29,133.82,132.75,133.08,23035421,127.2179966232,127.7238525629,126.7025962317,127.0175631376,23035421,0.0,1.0
434,434,AAPL,2017-02-14 00:00:00+00:00,135.02,135.09,133.25,133.47,33226223,128.8691867661,128.935997928,127.1798188164,127.3897967537,33226223,0.0,1.0
435,435,AAPL,2017-02-15 00:00:00+00:00,135.51,136.27,134.62,135.52,35623100,129.3368648991,130.0622432278,128.4874086984,129.3464093508,35623100,0.0,1.0
436,436,AAPL,2017-02-16 00:00:00+00:00,135.345,135.9,134.8398,135.67,22584555,129.1793814462,129.7090985152,128.6971957466,129.4895761262,22584555,0.0,1.0
437,437,AAPL,2017-02-17 00:00:00+00:00,135.72,135.83,135.1,135.1,22198197,129.5372983847,129.6422873533,128.9455423797,128.9455423797,22198197,0.0,1.0
438,438,AAPL,2017-02-21 00:00:00+00:00,136.7,136.75,135.98,136.23,24507156,130.4726546507,130.5203769091,129.7854541287,130.0240654211,24507156,0.0,1.0
439,439,AAPL,2017-02-22 00:00:00+00:00,137.11,137.12,136.11,136.43,20836932,130.8639771701,130.8735216218,129.90953200069998,130.2149544549,20836932,0.0,1.0
440,440,AAPL,2017-02-23 00:00:00+00:00,136.53,137.48,136.3,137.38,20788186,130.3103989719,131.2171218828,130.09087658290002,131.1216773658,20788186,0.0,1.0
441,441,AAPL,2017-02-24 00:00:00+00:00,136.66,136.66,135.28,135.91,21776585,130.4344768439,130.4344768439,129.11734251020002,129.7186429669,21776585,0.0,1.0
442,442,AAPL,2017-02-27 00:00:00+00:00,136.93,137.435,136.28,137.14,20257426,130.69217703959998,131.1741718501,130.0717876795,130.8926105252,20257426,0.0,1.0
443,443,AAPL,2017-02-28 00:00:00+00:00,136.99,137.435,136.7,137.08,23482860,130.7494437498,131.1741718501,130.4726546507,130.835343815,23482860,0.0,1.0
444,444,AAPL,2017-03-01 00:00:00+00:00,139.79,140.15,137.595,137.89,36414585,133.421890224,133.7654904849,131.3268830772,131.6084444022,36414585,0.0,1.0
445,445,AAPL,2017-03-02 00:00:00+00:00,138.96,140.2786,138.76,140.0,26210984,132.6297007334,133.8882321337,132.4388116995,133.6223237095,26210984,0.0,1.0
446,446,AAPL,2017-03-03 00:00:00+00:00,139.78,139.83,138.59,138.78,21571121,133.4123457723,133.4600680307,132.2765560207,132.4579006029,21571121,0.0,1.0
447,447,AAPL,2017-03-06 00:00:00+00:00,139.34,139.77,138.5959,139.365,21750044,132.9923898978,133.4028013206,132.2821872472,133.016251027,21750044,0.0,1.0
448,448,AAPL,2017-03-07 00:00:00+00:00,139.52,139.98,138.79,139.06,17446297,133.1641900282,133.6032348061,132.46744505459998,132.72514525030002,17446297,0.0,1.0
449,449,AAPL,2017-03-08 00:00:00+00:00,139.0,139.8,138.82,138.95,18707236,132.6678785402,133.4314346757,132.4960784097,132.6201562817,18707236,0.0,1.0
450,450,AAPL,2017-03-09 00:00:00+00:00,138.68,138.79,137.05,138.74,22155904,132.362456086,132.46744505459998,130.8067104599,132.41972279610002,22155904,0.0,1.0
451,451,AAPL,2017-03-10 00:00:00+00:00,139.14,139.3571,138.64,139.25,19612801,132.8015008639,133.0087109102,132.3242782792,132.9064898325,19612801,0.0,1.0
452,452,AAPL,2017-03-13 00:00:00+00:00,139.2,139.43,138.82,138.85,17421717,132.85876757399998,133.078289963,132.4960784097,132.5247117648,17421717,0.0,1.0
453,453,AAPL,2017-03-14 00:00:00+00:00,138.99,139.65,138.84,139.3,15309065,132.6583340885,133.2882679003,132.5151673131,132.95421209100002,15309065,0.0,1.0
454,454,AAPL,2017-03-15 00:00:00+00:00,140.46,140.7501,139.025,139.41,25691774,134.0613684874,134.3382530311,132.6917396694,133.0592010596,25691774,0.0,1.0
455,455,AAPL,2017-03-16 00:00:00+00:00,140.69,141.02,140.26,140.72,19231998,134.2808908764,134.5958577823,133.8704794536,134.3095242315,19231998,0.0,1.0
456,456,AAPL,2017-03-17 00:00:00+00:00,139.99,141.0,139.89,141.0,43884952,133.6127792578,134.5767688789,133.5173347409,134.5767688789,43884952,0.0,1.0
457,457,AAPL,2017-03-20 00:00:00+00:00,141.46,141.5,140.23,140.4,21542038,135.0158136568,135.0539914636,133.8418460985,134.0041017773,21542038,0.0,1.0
458,458,AAPL,2017-03-21 00:00:00+00:00,139.84,142.8,139.73,142.11,39529912,133.4696124824,136.2947701837,133.36462351379998,135.6362030169,39529912,0.0,1.0
459,459,AAPL,2017-03-22 00:00:00+00:00,141.42,141.6,139.76,139.845,25860165,134.97763585,135.1494359805,133.39325686889998,133.4743847083,25860165,0.0,1.0
460,460,AAPL,2017-03-23 00:00:00+00:00,140.92,141.5844,140.61,141.26,20346301,134.5004132653,135.1345466359,134.2045352628,134.8249246229,20346301,0.0,1.0
461,461,AAPL,2017-03-24 00:00:00+00:00,140.64,141.74,140.35,141.5,22395563,134.23316861790002,135.2830583042,133.9563795188,135.0539914636,22395563,0.0,1.0
462,462,AAPL,2017-03-27 00:00:00+00:00,140.88,141.22,138.62,139.39,23575094,134.46223545860002,134.7867468161,132.3051893758,133.0401121562,23575094,0.0,1.0
463,463,AAPL,2017-03-28 00:00:00+00:00,143.8,144.04,140.62,140.91,33374805,137.2492153531,137.4782821937,134.2140797145,134.4908688136,33374805,0.0,1.0
464,464,AAPL,2017-03-29 00:00:00+00:00,144.12,144.49,143.19,143.68,29189955,137.5546378073,137.9077825199,136.6670037998,137.13468193280002,29189955,0.0,1.0
465,465,AAPL,2017-03-30 00:00:00+00:00,143.93,144.5,143.5,144.19,21207252,137.3732932251,137.9173269716,136.9628818023,137.6214489691,21207252,0.0,1.0
466,466,AAPL,2017-03-31 00:00:00+00:00,143.66,144.27,143.01,143.72,19661651,137.1155930294,137.6978045827,136.4952036693,137.1728597395,19661651,0.0,1.0
467,467,AAPL,2017-04-03 00:00:00+00:00,143.7,144.12,143.05,143.71,19985714,137.1537708361,137.5546378073,136.5333814761,137.1633152878,19985714,0.0,1.0
468,468,AAPL,2017-04-04 00:00:00+00:00,144.77,144.89,143.17,143.25,19891354,138.1750271673,138.2895605877,136.64791489639998,136.7242705099,19891354,0.0,1.0
469,469,AAPL,2017-04-05 00:00:00+00:00,144.02,145.46,143.81,144.22,27717854,137.4591932903,138.8335943342,137.2587598048,137.6500823242,27717854,0.0,1.0
470,470,AAPL,2017-04-06 00:00:00+00:00,143.66,144.52,143.45,144.29,21149034,137.1155930294,137.936415875,136.9151595438,137.71689348610002,21149034,0.0,1.0
471,471,AAPL,2017-04-07 00:00:00+00:00,143.34,144.18,143.27,143.73,16658543,136.8101705752,137.6119045174,136.7433594133,137.18240419120002,16658543,0.0,1.0
472,472,AAPL,2017-04-10 00:00:00+00:00,143.17,143.8792,142.9,143.6,18933397,136.64791489639998,137.3248074105,136.3902147007,137.0583263192,18933397,0.0,1.0
473,473,AAPL,2017-04-11 00:00:00+00:00,141.63,143.35,140.06,142.94,30379376,135.1780693356,136.8197150269,133.6795904197,136.4283925074,30379376,0.0,1.0
474,474,AAPL,2017-04-12 00:00:00+00:00,141.8,142.15,141.01,141.6,20350000,135.3403250144,135.67438082360002,134.5863133306,135.1494359805,20350000,0.0,1.0
475,475,AAPL,2017-04-13 00:00:00+00:00,141.05,142.38,141.05,141.91,17822880,134.6244911374,135.8939032126,134.6244911374,135.445313983,17822880,0.0,1.0
476,476,AAPL,2017-04-17 00:00:00+00:00,141.83,141.88,140.87,141.48,16582094,135.36895836940002,135.4166806279,134.4526910069,135.0349025602,16582094,0.0,1.0
477,477,AAPL,2017-04-18 00:00:00+00:00,141.2,142.04,141.11,141.41,14697544,134.76765791280002,135.569391855,134.6817578475,134.9680913983,14697544,0.0,1.0
478,478,AAPL,2017-04-19 00:00:00+00:00,140.68,142.0,140.45,141.88,17328375,134.2713464247,135.53121404819998,134.0518240357,135.4166806279,17328375,0.0,1.0
479,479,AAPL,2017-04-20 00:00:00+00:00,142.44,142.92,141.16,141.22,23319562,135.9511699228,136.409303604,134.729480106,134.7867468161,23319562,0.0,1.0
480,480,AAPL,2017-04-21 00:00:00+00:00,142.27,142.68,141.85,142.44,17320928,135.78891424399998,136.1802367634,135.3880472728,135.9511699228,17320928,0.0,1.0
481,481,AAPL,2017-04-24 00:00:00+00:00,143.64,143.95,143.18,143.5,17116599,137.096504126,137.3923821285,136.6574593481,136.9628818023,17116599,0.0,1.0
482,482,AAPL,2017-04-25 00:00:00+00:00,144.53,144.9,143.87,143.91,18216472,137.9459603267,138.29910503940002,137.3160265149,137.3542043217,18216472,0.0,1.0
483,483,AAPL,2017-04-26 00:00:00+00:00,143.68,144.6,143.3762,144.47,19614287,137.13468193280002,138.0127714886,136.8447214903,137.8886936165,19614287,0.0,1.0
484,484,AAPL,2017-04-27 00:00:00+00:00,143.79,144.16,143.31,143.9225,13948980,137.2396709014,137.592815614,136.7815372201,137.3661348863,13948980,0.0,1.0
485,485,AAPL,2017-04-28 00:00:00+00:00,143.65,144.3,143.27,144.09,20247187,137.1060485777,137.7264379378,136.7433594133,137.5260044522,20247187,0.0,1.0
486,486,AAPL,2017-05-01 00:00:00+00:00,146.58,147.2,144.96,145.1,32818760,139.90257292389998,140.4943289289,138.3563717495,138.4899940732,32818760,0.0,1.0
487,487,AAPL,2017-05-02 00:00:00+00:00,147.51,148.09,146.84,147.54,39752670,140.7902069314,141.34378512959998,140.1507286679,140.8188402865,39752670,0.0,1.0
488,488,AAPL,2017-05-03 00:00:00+00:00,147.06,147.49,144.27,145.59,45142806,140.3607066052,140.771118028,137.6978045827,138.95767220620002,45142806,0.0,1.0
489,489,AAPL,2017-05-04 00:00:00+00:00,146.53,147.14,145.81,146.52,23275690,139.85485066540002,140.43706221870002,139.1676501435,139.8453062137,23275690,0.0,1.0
490,490,AAPL,2017-05-05 00:00:00+00:00,148.96,148.98,146.76,146.76,26787359,142.1741524269,142.1932413303,140.0743730544,140.0743730544,26787359,0.0,1.0
491,491,AAPL,2017-05-08 00:00:00+00:00,153.01,153.7,149.03,149.03,48339210,146.0396553628,146.6982225297,142.2409635888,142.2409635888,48339210,0.0,1.0
492,492,AAPL,2017-05-09 00:00:00+00:00,153.99,154.88,153.45,153.87,35942435,146.9750116288,147.8244678295,146.45961123729998,146.8604782085,35942435,0.0,1.0
493,493,AAPL,2017-05-10 00:00:00+00:00,153.26,153.94,152.11,153.63,25670456,146.2782666552,146.9272893703,145.1806547104,146.6314113678,25670456,0.0,1.0
494,494,AAPL,2017-05-11 00:00:00+00:00,153.95,154.07,152.31,152.45,25596687,147.5381342787,147.653136397,145.9664386618,146.1006077999,25596687,0.63,1.0
495,495,AAPL,2017-05-12 00:00:00+00:00,156.1,156.42,154.67,154.7,32221756,149.5985888984,149.9052612139,148.2281469886,148.2568975181,32221756,0.0,1.0
496,496,AAPL,2017-05-15 00:00:00+00:00,155.7,156.65,155.05,156.01,25700983,149.215248504,150.1256819406,148.5923203632,149.5123373097,25700983,0.0,1.0
497,497,AAPL,2017-05-16 00:00:00+00:00,155.47,156.06,154.72,155.94,19904679,148.9948277773,149.560254859,148.2760645379,149.44525274059998,19904679,0.0,1.0
498,498,AAPL,2017-05-17 00:00:00+00:00,150.25,154.57,149.71,153.6,49482818,143.9922356309,148.13231189,143.4747260985,147.2027114336,49482818,0.0,1.0
499,499,AAPL,2017-05-18 00:00:00+00:00,152.54,153.34,151.13,151.27,33159664,146.1868593886,146.9535401773,144.8355844985,144.9697536365,33159664,0.0,1.0
500,500,AAPL,2017-05-19 00:00:00+00:00,153.06,153.98,152.63,153.38,26733798,146.6852019013,147.5668848083,146.2731109773,146.9918742167,26733798,0.0,1.0
501,501,AAPL,2017-05-22 00:00:00+00:00,153.99,154.58,152.91,154.0,22340069,147.57646831809998,148.1418953998,146.5414492534,147.586051828,22340069,0.0,1.0
502,502,AAPL,2017-05-23 00:00:00+00:00,153.8,154.9,153.31,154.9,19430358,147.3943816308,148.44856771530002,146.9247896477,148.44856771530002,19430358,0.0,1.0
503,503,AAPL,2017-05-24 00:00:00+00:00,153.34,154.17,152.67,153.84,19118319,146.9535401773,147.7489714956,146.3114450168,147.4327156703,19118319,0.0,1.0
504,504,AAPL,2017-05-25 00:00:00+00:00,153.87,154.35,153.03,153.73,19044463,147.4614661998,147.9214746731,146.6564513717,147.3272970618,19044463,0.0,1.0
505,505,AAPL,2017-05-26 00:00:00+00:00,153.61,154.24,153.31,154.0,21632202,147.2122949435,147.8160560646,146.9247896477,147.586051828,21632202,0.0,1.0
506,506,AAPL,2017-05-30 00:00:00+00:00,153.67,154.43,153.33,153.42,20034934,147.2697960027,147.99814275190002,146.9439566675,147.0302082562,20034934,0.0,1.0
507,507,AAPL,2017-05-31 00:00:00+00:00,152.76,154.17,152.38,153.97,23162873,146.3976966055,147.7489714956,146.0335232309,147.5573012984,23162873,0.0,1.0
508,508,AAPL,2017-06-01 00:00:00+00:00,153.18,153.33,152.22,153.17,16180143,146.8002040196,146.9439566675,145.8801870731,146.7906205097,16180143,0.0,1.0
509,509,AAPL,2017-06-02 00:00:00+00:00,155.45,155.45,152.89,153.58,27285861,148.9756607576,148.9756607576,146.5222822337,147.1835444139,27285861,0.0,1.0
510,510,AAPL,2017-06-05 00:00:00+00:00,153.93,154.45,153.46,154.34,24803858,147.518967259,148.0173097717,147.0685422956,147.9118911632,24803858,0.0,1.0
511,511,AAPL,2017-06-06 00:00:00+00:00,154.45,155.81,153.78,153.9,26249630,148.0173097717,149.3206671125,147.3752146111,147.4902167294,26249630,0.0,1.0
512,512,AAPL,2017-06-07 00:00:00+00:00,155.37,155.98,154.48,155.02,20678772,148.8989926787,149.4835867801,148.0460603012,148.5635698336,20678772,0.0,1.0
513,513,AAPL,2017-06-08 00:00:00+00:00,154.99,155.54,154.4,155.25,20771367,148.534819304,149.0619123463,147.9693922224,148.7839905604,20771367,0.0,1.0
514,514,AAPL,2017-06-09 00:00:00+00:00,148.98,155.19,146.02,155.19,64882700,142.7751298788,148.7264895012,139.93841096059998,148.7264895012,64882700,0.0,1.0
515,515,AAPL,2017-06-12 00:00:00+00:00,145.42,146.09,142.51,145.74,71563614,139.363400369,140.00549552959998,136.5745990001,139.6700726845,71563614,0.0,1.0
516,516,AAPL,2017-06-13 00:00:00+00:00,146.59,147.45,145.15,147.16,33749154,140.4846710225,141.30885287040002,139.10464560280002,141.0309310845,33749154,0.0,1.0
517,517,AAPL,2017-06-14 00:00:00+00:00,145.16,147.5,143.84,147.5,31224203,139.1142291127,141.35677041969998,137.84920581129998,141.35677041969998,31224203,0.0,1.0
518,518,AAPL,2017-06-15 00:00:00+00:00,144.29,144.4798,142.21,143.32,31348832,138.280463755,138.4623587721,136.2870937043,137.35086329860002,31348832,0.0,1.0
519,519,AAPL,2017-06-16 00:00:00+00:00,142.27,144.5,142.2,143.78,49180748,136.3445947634,138.481717462,136.2775101944,137.7917047521,49180748,0.0,1.0
520,520,AAPL,2017-06-19 00:00:00+00:00,146.34,146.74,143.66,143.66,31449132,140.245083276,140.6284236704,137.6767026338,137.6767026338,31449132,0.0,1.0
521,521,AAPL,2017-06-20 00:00:00+00:00,145.01,146.87,144.94,146.87,24572170,138.9704764648,140.7530092986,138.9033918958,140.7530092986,24572170,0.0,1.0
522,522,AAPL,2017-06-21 00:00:00+00:00,145.87,146.0693,144.61,145.52,21064679,139.7946583127,139.9856576642,138.58713607040002,139.4592354676,21064679,0.0,1.0
523,523,AAPL,2017-06-22 00:00:00+00:00,145.63,146.7,145.1199,145.77,18673365,139.5646540761,140.590089631,139.0757992381,139.6988232141,18673365,0.0,1.0
524,524,AAPL,2017-06-23 00:00:00+00:00,146.28,147.16,145.11,145.13,25997976,140.1875822169,141.0309310845,139.0663115634,139.08547858309998,25997976,0.0,1.0
525,525,AAPL,2017-06-26 00:00:00+00:00,145.82,148.28,145.38,147.17,25524661,139.7467407634,142.1042841887,139.3250663296,141.0405145943,25524661,0.0,1.0
526,526,AAPL,2017-06-27 00:00:00+00:00,143.73,146.16,143.62,145.01,24423643,137.74378720290002,140.0725800986,137.6383685944,138.9704764648,24423643,0.0,1.0
527,527,AAPL,2017-06-28 00:00:00+00:00,145.83,146.11,143.1601,144.49,21915939,139.7563242732,140.0246625493,137.197622976,138.4721339521,21915939,0.0,1.0
528,528,AAPL,2017-06-29 00:00:00+00:00,143.68,145.13,142.28,144.71,31116980,137.6958696536,139.08547858309998,136.3541782733,138.68297116899998,31116980,0.0,1.0
529,529,AAPL,2017-06-30 00:00:00+00:00,144.02,144.96,143.78,144.45,22328979,138.0217089888,138.9225589155,137.7917047521,138.4337999127,22328979,0.0,1.0
530,530,AAPL,2017-07-03 00:00:00+00:00,143.5,145.3,143.1,144.88,14258300,137.5233664761,139.2483982507,137.1400260817,138.8458908366,14258300,0.0,1.0
531,531,AAPL,2017-07-05 00:00:00+00:00,144.09,144.79,142.7237,143.69,20758795,138.08879355780002,138.7596392479,136.7793986057,137.7054531634,20758795,0.0,1.0
532,532,AAPL,2017-07-06 00:00:00+00:00,142.73,143.5,142.41,143.02,23374374,136.785436217,137.5233664761,136.4787639015,137.0633580029,23374374,0.0,1.0
533,533,AAPL,2017-07-07 00:00:00+00:00,144.18,144.75,142.9,142.9,18505351,138.1750451465,138.7213052085,136.94835588459998,136.94835588459998,18505351,0.0,1.0
534,534,AAPL,2017-07-10 00:00:00+00:00,145.06,145.95,143.37,144.11,21030466,139.0183940141,139.8713263915,137.3987808479,138.1079605775,21030466,0.0,1.0
535,535,AAPL,2017-07-11 00:00:00+00:00,145.53,145.85,144.38,144.73,18311156,139.4688189775,139.775491293,138.3667153437,138.70213818870002,18311156,0.0,1.0
536,536,AAPL,2017-07-12 00:00:00+00:00,145.74,146.18,144.82,145.87,23617964,139.6700726845,140.0917471183,138.7883897775,139.7946583127,23617964,0.0,1.0
537,537,AAPL,2017-07-13 00:00:00+00:00,147.77,148.49,145.44,145.5,24922788,141.6155251859,142.30553789569998,139.3825673887,139.44006844790002,24922788,0.0,1.0
538,538,AAPL,2017-07-14 00:00:00+00:00,149.04,149.33,147.33,147.97,19961788,142.832630938,143.1105527239,141.1938507521,141.8071953831,19961788,0.0,1.0
539,539,AAPL,2017-07-17 00:00:00+00:00,149.56,150.9,148.57,148.82,23243713,143.3309734506,144.6151637717,142.3822059746,142.6217937211,23243713,0.0,1.0
540,540,AAPL,2017-07-18 00:00:00+00:00,150.08,150.13,148.67,149.2,17713795,143.8293159633,143.8772335126,142.4780410732,142.9859670957,17713795,0.0,1.0
541,541,AAPL,2017-07-19 00:00:00+00:00,151.02,151.42,149.95,150.48,20615419,144.73016589,145.11350628440002,143.7047303351,144.2126563576,20615419,0.0,1.0
542,542,AAPL,2017-07-20 00:00:00+00:00,150.34,151.74,150.19,151.5,17053326,144.0784872196,145.4201785999,143.9347345717,145.1901743633,17053326,0.0,1.0
543,543,AAPL,2017-07-21 00:00:00+00:00,150.27,150.44,148.88,149.99,24671002,144.0114026506,144.17432231819998,142.6792947802,143.74306437459998,24671002,0.0,1.0
544,544,AAPL,2017-07-24 00:00:00+00:00,152.09,152.44,149.9,150.58,21122730,145.7556014449,146.09102429,143.6568127858,144.30849145620002,21122730,0.0,1.0
545,545,AAPL,2017-07-25 00:00:00+00:00,152.74,153.84,151.8,151.8,18612649,146.3785295858,147.4327156703,145.477679659,145.477679659,18612649,0.0,1.0
546,546,AAPL,2017-07-26 00:00:00+00:00,153.46,153.93,153.06,153.35,15172136,147.0685422956,147.518967259,146.6852019013,146.96312368719998,15172136,0.0,1.0
547,547,AAPL,2017-07-27 00:00:00+00:00,150.56,153.99,147.3,153.75,32175875,144.2893244365,147.57646831809998,141.1651002225,147.3464640815,32175875,0.0,1.0
548,548,AAPL,2017-07-28 00:00:00+00:00,149.5,150.23,149.19,149.89,16832947,143.2734723915,143.9730686112,142.9763835858,143.647229276,16832947,0.0,1.0
549,549,AAPL,2017-07-31 00:00:00+00:00,148.73,150.33,148.13,149.9,19422655,142.5355421323,144.0689037098,141.9605315408,143.6568127858,19422655,0.0,1.0
550,550,AAPL,2017-08-01 00:00:00+00:00,150.05,150.22,148.41,149.1,24725526,143.8005654337,143.9634851013,142.2288698168,142.8901319971,24725526,0.0,1.0
551,551,AAPL,2017-08-02 00:00:00+00:00,157.14,159.75,156.16,159.28,69222793,150.5952739237,153.0965699969,149.6560899575,152.6461450335,69222793,0.0,1.0
552,552,AAPL,2017-08-03 00:00:00+00:00,155.57,157.21,155.02,157.05,26000738,149.0906628759,150.6623584927,148.5635698336,150.509022335,26000738,0.0,1.0
553,553,AAPL,2017-08-04 00:00:00+00:00,156.39,157.4,155.69,156.07,20349532,149.8765106843,150.8444451801,149.2056649942,149.5698383688,20349532,0.0,1.0
554,554,AAPL,2017-08-07 00:00:00+00:00,158.81,158.92,156.6701,157.06,21870321,152.1957200702,152.3011386786,150.14494479540002,150.5186058448,21870321,0.0,1.0
555,555,AAPL,2017-08-08 00:00:00+00:00,160.08,161.83,158.27,158.6,35775675,153.4128258223,155.0899400476,151.6782105378,151.9944663631,35775675,0.0,1.0
556,556,AAPL,2017-08-09 00:00:00+00:00,161.06,161.27,159.11,159.26,25640394,154.3520097884,154.5532634955,152.4832253659,152.6269780138,25640394,0.0,1.0
557,557,AAPL,2017-08-10 00:00:00+00:00,155.32,160.0,154.63,159.9,39081017,149.4548362505,153.95811099719998,148.7908918968,153.8618871778,39081017,0.63,1.0
558,558,AAPL,2017-08-11 00:00:00+00:00,157.48,158.5728,156.07,156.6,25943187,151.533270749,152.5848046471,150.1765148958,150.6865011385,25943187,0.0,1.0
559,559,AAPL,2017-08-14 00:00:00+00:00,159.85,160.21,158.75,159.32,21754810,153.8137752681,154.16018101790002,152.755313255,153.30378902540002,21754810,0.0,1.0
560,560,AAPL,2017-08-15 00:00:00+00:00,161.6,162.195,160.14,160.66,27936774,155.4976921071,156.0702238324,154.0928243443,154.593188205,27936774,0.0,1.0
561,561,AAPL,2017-08-16 00:00:00+00:00,160.95,162.51,160.15,161.94,27321761,154.8722372812,156.3733288634,154.1024467262,155.824853093,27321761,0.0,1.0
562,562,AAPL,2017-08-17 00:00:00+00:00,157.86,160.71,157.84,160.52,26925694,151.8989212626,154.6413001147,151.8796764987,154.4584748579,26925694,0.0,1.0
563,563,AAPL,2017-08-18 00:00:00+00:00,157.5,159.5,156.72,157.86,27012525,151.5525155128,153.4769919003,150.8019697217,151.8989212626,27012525,0.0,1.0
564,564,AAPL,2017-08-21 00:00:00+00:00,157.21,157.89,155.1101,157.5,26145653,151.2734664367,151.9277884084,149.25286245360002,151.5525155128,26145653,0.0,1.0
565,565,AAPL,2017-08-22 00:00:00+00:00,159.78,160.0,158.02,158.23,21297812,153.7464185945,153.95811099719998,152.0528793736,152.2549493943,21297812,0.0,1.0
566,566,AAPL,2017-08-23 00:00:00+00:00,159.98,160.47,158.88,159.07,19198189,153.9388662333,154.4103629482,152.8804042202,153.06322947700002,19198189,0.0,1.0
567,567,AAPL,2017-08-24 00:00:00+00:00,159.27,160.74,158.55,160.43,19029621,153.2556771157,154.6701672605,152.5628656163,154.37187342049998,19029621,0.0,1.0
568,568,AAPL,2017-08-25 00:00:00+00:00,159.86,160.56,159.27,159.65,25015218,153.82339765,154.4969643857,153.2556771157,153.6213276294,25015218,0.0,1.0
569,569,AAPL,2017-08-28 00:00:00+00:00,161.47,162.0,159.93,160.14,25279674,155.372601142,155.8825873846,153.8907543236,154.0928243443,25279674,0.0,1.0
570,570,AAPL,2017-08-29 00:00:00+00:00,162.91,163.12,160.0,160.1,29307862,156.7582241409,156.9602941616,153.95811099719998,154.0543348165,29307862,0.0,1.0
571,571,AAPL,2017-08-30 00:00:00+00:00,163.35,163.89,162.61,163.8,26973946,157.1816089462,157.7012175708,156.4695526828,157.6146161334,26973946,0.0,1.0
572,572,AAPL,2017-08-31 00:00:00+00:00,164.0,164.52,163.48,163.64,26412439,157.80706377209998,158.3074276328,157.3066999114,157.4606580224,26412439,0.0,1.0
573,573,AAPL,2017-09-01 00:00:00+00:00,164.05,164.94,163.63,164.8,16508568,157.8551756818,158.7115676742,157.45103564040002,158.5768543271,16508568,0.0,1.0
574,574,AAPL,2017-09-05 00:00:00+00:00,162.08,164.25,160.56,163.75,29317054,155.9595664401,158.04762332049998,154.4969643857,157.5665042237,29317054,0.0,1.0
575,575,AAPL,2017-09-06 00:00:00+00:00,161.91,162.99,160.52,162.71,21179047,155.7959859472,156.8352031964,154.4584748579,156.56577650219998,21179047,0.0,1.0
576,576,AAPL,2017-09-07 00:00:00+00:00,161.26,162.24,160.36,162.09,21722995,155.1705311213,156.1135245511,154.3045167469,155.9691888221,21722995,0.0,1.0
577,577,AAPL,2017-09-08 00:00:00+00:00,158.63,161.15,158.53,160.86,28183159,152.6398446718,155.06468492,152.5436208524,154.78563584379998,28183159,0.0,1.0
578,578,AAPL,2017-09-11 00:00:00+00:00,161.5,162.05,159.89,160.5,31028926,155.4014682878,155.9306992943,153.8522647959,154.439230094,31028926,0.0,1.0
579,579,AAPL,2017-09-12 00:00:00+00:00,160.86,163.96,158.77,162.61,71139119,154.78563584379998,157.7685742443,152.7745580189,156.4695526828,71139119,0.0,1.0
580,580,AAPL,2017-09-13 00:00:00+00:00,159.65,159.96,157.91,159.87,44393752,153.6213276294,153.9196214694,151.9470331723,153.833020032,44393752,0.0,1.0
581,581,AAPL,2017-09-14 00:00:00+00:00,158.28,159.4,158.09,158.99,23073646,152.3030613039,153.3807680809,152.12023604709998,152.9862504215,23073646,0.0,1.0
582,582,AAPL,2017-09-15 00:00:00+00:00,159.88,160.97,158.0,158.47,48203642,153.8426424139,154.8914820451,152.0336346097,152.4858865608,48203642,0.0,1.0
583,583,AAPL,2017-09-18 00:00:00+00:00,158.67,160.5,157.995,160.11,27939718,152.6783341995,154.439230094,152.0288234187,154.0639571985,27939718,0.0,1.0
584,584,AAPL,2017-09-19 00:00:00+00:00,158.73,159.77,158.44,159.51,20347352,152.7360684911,153.7367962126,152.4570194149,153.48661428219998,20347352,0.0,1.0
585,585,AAPL,2017-09-20 00:00:00+00:00,156.07,158.26,153.83,157.9,51693239,150.1765148958,152.2838165401,148.0211013418,151.93741079030002,51693239,0.0,1.0
586,586,AAPL,2017-09-21 00:00:00+00:00,153.39,155.8,152.75,155.8,36643382,147.5977165366,149.9167105835,146.9818840926,149.9167105835,36643382,0.0,1.0
587,587,AAPL,2017-09-22 00:00:00+00:00,151.89,152.27,150.56,152.02,46114424,146.154359246,146.5200097596,144.8745824483,146.2794502112,46114424,0.0,1.0
588,588,AAPL,2017-09-25 00:00:00+00:00,150.55,151.83,149.16,149.99,43922334,144.8649600664,146.0966249544,143.5274489771,144.3261066779,43922334,0.0,1.0
589,589,AAPL,2017-09-26 00:00:00+00:00,153.14,153.92,151.69,151.78,35470985,147.3571569882,148.1077027793,145.96191160729998,146.0485130447,35470985,0.0,1.0
590,590,AAPL,2017-09-27 00:00:00+00:00,154.23,154.7189,153.54,153.8,24959552,148.4059966193,148.8764348723,147.7420522657,147.992234196,24959552,0.0,1.0
591,591,AAPL,2017-09-28 00:00:00+00:00,153.28,154.28,152.7,153.89,21896592,147.4918703353,148.454108529,146.9337721829,148.0788356335,21896592,0.0,1.0
592,592,AAPL,2017-09-29 00:00:00+00:00,154.12,154.13,152.0,153.21,25856530,148.300150418,148.30977280000002,146.2602054473,147.4245136617,25856530,0.0,1.0
593,593,AAPL,2017-10-02 00:00:00+00:00,153.81,154.45,152.72,154.26,18524860,148.001856578,148.617689022,146.9530169468,148.4348637651,18524860,0.0,1.0
594,594,AAPL,2017-10-03 00:00:00+00:00,154.48,155.09,153.91,154.01,16146388,148.6465561678,149.2335214659,148.0980803973,148.1943042167,16146388,0.0,1.0
595,595,AAPL,2017-10-04 00:00:00+00:00,153.48,153.86,152.46,153.63,19844177,147.684317974,148.0499684877,146.7028350164,147.8286537031,19844177,0.0,1.0
596,596,AAPL,2017-10-05 00:00:00+00:00,155.39,155.44,154.05,154.18,21032800,149.5221929241,149.57030483370002,148.2327937445,148.3578847096,21032800,0.0,1.0
597,597,AAPL,2017-10-06 00:00:00+00:00,155.3,155.49,154.56,154.97,16423749,149.4355914866,149.6184167434,148.7235352233,149.1180528827,16423749,0.0,1.0
598,598,AAPL,2017-10-09 00:00:00+00:00,155.84,156.73,155.485,155.81,16200129,149.9552001112,150.8115921037,149.6136055525,149.9263329654,16200129,0.0,1.0
599,599,AAPL,2017-10-10 00:00:00+00:00,155.9,158.0,155.1,156.055,15456331,150.01293440290002,152.0336346097,149.2431438479,150.1620813229,15456331,0.0,1.0
600,600,AAPL,2017-10-11 00:00:00+00:00,156.55,156.98,155.75,155.97,16607693,150.63838922879998,151.05215165209998,149.8685986738,150.0802910764,16607693,0.0,1.0